Vertical Position [m],Corrected sp Cond [uS/cm]
0.001,1764.3
0.009,1763.7
0.014,1763.3
0.019,1763.2
0.032,1763.4
0.038,1763.6
0.043,1764.0
0.049,1764.6
0.064,1766.6
0.07,1769.7
0.076,1773.2
0.09,1777.4
0.096,1781.6
0.1,1785.5
0.112,1789.3
0.117,1791.1
0.12,1794.5
0.129,1797.5
0.133,1800.0
0.135,1802.6
0.145,1805.1
0.15,1807.7
0.154,1810.6
0.158,1812.0
0.166,1814.8
0.168,1817.3
0.17,1819.8
0.177,1822.2
0.18,1824.5
0.183,1932.5
0.193,1941.4
0.196,1950.3
0.199,1957.5
0.208,1987.3
0.213,1969.9
0.214,1949.7
0.218,1938.5
0.219,1924.2333333333336
0.22,1925.0
0.221,1924.1999999999998
0.224,1931.65
0.227,1940.6
0.229,1943.5
0.232,2252.5
0.233,2533.9928571428572
0.234,2492.7204724409453
0.235,2485.7589873417724
0.236,2487.694718309859
0.237,2479.8920147420145
0.238,2485.5185273159145
0.239,2547.0008695652177
0.24,2660.7934210526314
0.241,2671.3923076923074
0.242,2678.6507692307696
0.243,2686.279365079365
0.244,2691.5071428571428
0.245,2693.2499999999995
0.246,2696.3333333333335
0.247,2698.2
0.25,2698.5
0.251,2698.7
0.253,2699.1
0.258,2699.5
0.265,2700.3
0.274,2702.0
0.282,2719.0
0.284,2719.45
0.286,2715.8
0.288,2703.8
0.289,2713.5
0.29,2712.1
0.293,2705.4
0.295,2710.8
0.297,2723.3
0.298,2707.1
0.299,2708.7
0.302,2876.5
0.308,2884.4
0.322,2920.3
0.328,2940.7
0.332,3003.0
0.346,3037.1
0.351,3106.8
0.354,3216.3
0.367,3351.3
0.376,3517.5
0.385,3533.8
0.402,3498.2
0.409,3498.7
0.414,3498.4
0.423,3498.7
0.44,3517.6
0.448,3542.6
0.454,3569.7
0.47,3596.8
0.476,3612.0
0.478,3624.1
0.492,3639.6
0.499,3646.5
0.505,3663.4
0.512,3679.7
0.526,3695.5
0.532,3978.6
0.54,3994.7
0.553,3966.5
0.556,3872.15
0.564,3898.8
0.57,3903.8500000000004
0.576,3909.8
0.581,4013.8
0.585,4106.3
0.597,4155.7
0.603,4156.8
0.607,4156.3
0.611,4149.0
0.621,4150.0
0.626,4153.4
0.629,4165.1
0.638,4178.9
0.642,4192.2
0.643,4203.6
0.653,4208.5
0.662,4685.1
0.669,4775.7
0.689,4905.6
0.698,4961.7
0.706,4970.6
0.714,4999.8
0.729,5002.2
0.736,5024.4
0.742,5028.6
0.756,5030.3
0.764,5046.9
0.77,5065.5
0.788,5076.4
0.797,5079.8
0.801,5088.4
0.817,5097.2
0.824,5101.1
0.828,5106.8
0.833,5109.7
0.849,5114.7
0.856,5120.7
0.861,5128.7
0.876,5136.3
0.883,5143.5
0.89,5151.2
0.908,5155.6
0.917,5164.5
0.922,5173.6
0.937,5182.3
0.943,5190.2
0.949,5196.9
0.953,5202.7
0.963,5208.2
0.967,5210.8
0.97,5215.9
0.982,5221.3
0.985,5226.1
0.987,5230.1
0.991,5233.3
0.993,5236.3
0.994,5239.7
1.0,5241.5
1.003,5245.0
1.004,5248.7
1.007,5252.3
1.012,5255.9
1.014,5259.6
1.016,5263.2
1.025,5266.9
1.03,5270.5
1.033,5272.5
1.042,5276.5
1.047,5280.5
1.051,5284.4
1.063,5288.2
1.068,5291.6
1.07,5294.9
1.082,5298.2
1.087,5301.4
1.09,5304.4
1.095,5306.0
1.106,5309.0
1.112,5312.1
1.12,5315.4
1.135,5318.9
1.142,5323.7
1.148,5329.7
1.164,5335.7
1.173,5338.7
1.182,5344.7
1.204,5350.9
1.215,5356.5
1.226,5361.9
1.238,5367.0
1.262,5372.2
1.273,5377.1
1.284,5379.4
1.303,5383.8
1.312,5388.0
1.319,5391.9
1.335,5395.8
1.344,5399.6
1.349,5403.4
1.366,5407.5
1.374,5409.6
1.381,5413.7
1.388,5417.9
1.405,5422.0
1.41,5425.7
1.414,5429.7
1.425,5433.9
1.431,5438.4
1.436,5440.6
1.444,5444.8
1.449,5448.9
1.453,5453.0
1.462,5457.1
1.466,5461.1
1.471,5464.7
1.476,5468.1
1.48,5469.8
1.483,5473.0
1.486,5476.1
1.495,5479.1
1.5,5481.8
1.504,5484.5
1.514,5487.0
1.519,5489.6
1.521,5492.3
1.529,5493.5
1.534,5495.9
1.536,5498.4
1.544,5500.9
1.55,5503.3
1.555,5505.5
1.561,5507.4
1.573,5509.2
1.578,5510.0
1.582,5511.7
1.595,5513.4
1.601,5514.9
1.605,5516.4
1.621,5517.9
1.63,5519.3
1.637,5520.7
1.652,5521.9
1.66,5522.5
1.667,5523.6
1.674,5524.6
1.687,5525.6
1.692,5526.5
1.697,5527.4
1.709,5528.2
1.717,5529.0
1.723,5529.4
1.739,5530.3
1.747,5531.1
1.751,5531.8
1.769,5532.6
1.778,5533.4
1.786,5534.1
1.792,5535.0
1.806,5535.4
1.811,5536.1
1.813,5536.9
1.827,5537.6
1.833,5538.4
1.837,5539.2
1.846,5540.0
1.85,5540.7
1.851,5541.4
1.859,5541.7
1.863,5542.4
1.867,5543.0
1.878,5543.6
1.885,5544.3
1.891,5544.9
1.895,5545.5
1.911,5546.1
1.918,5546.4
1.924,5546.9
1.941,5547.5
1.95,5548.1
1.956,5548.6
1.971,5549.2
1.977,5549.8
1.981,5550.2
1.993,5550.7
1.999,5550.9
2.004,5551.4
2.015,5551.8
2.022,5552.2
2.029,5552.6
2.034,5553.0
2.048,5553.3
2.057,5553.6
2.064,5553.7
2.087,5554.0
2.098,5554.3
2.107,5554.5
2.119,5554.9
2.14,5555.2
2.147,5555.5
2.154,5555.7
2.173,5555.8
2.183,5556.0
2.191,5556.3
2.21,5556.5
2.217,5556.7
2.221,5556.9
2.23,5557.1
2.236,5557.35
2.244,5557.6
2.251,5557.7
2.256,5557.8
2.272,5558.0
2.281,5558.1
2.289,5558.4
2.294,5558.5
2.309,5558.7
2.317,5558.9
2.325,5559.1
2.34,5559.2
2.344,5559.5
2.348,5559.8
2.36,5559.9
2.365,5560.0
2.378,5560.2
2.386,5560.3
2.391,5560.4
2.397,5560.5
2.412,5560.6
2.417,5560.7
2.421,5560.9
2.432,5561.0
2.438,5561.2
2.441,5561.2
2.454,5561.4
2.459,5561.5
2.463,5561.6
2.472,5561.8
2.477,5561.9
2.481,5562.1
2.485,5562.3
2.502,5562.4
2.508,5562.5
2.513,5562.6
2.529,5562.8
2.535,5562.9
2.539,5563.0
2.55,5563.2
2.558,5563.2
2.563,5563.3
2.571,5563.3
2.587,5563.5
2.593,5563.6
2.598,5563.7
2.614,5563.8
2.622,5563.9
2.627,5564.0
2.646,5564.0
2.655,5564.0
2.662,5564.1
2.683,5564.1
2.694,5564.1
2.703,5564.2
2.711,5564.2
2.729,5564.2
2.736,5564.2
2.744,5564.2
2.756,5564.2
2.759,5564.2
2.763,5564.1
2.77,5564.0
2.773,5563.75
2.781,5563.6
2.787,5563.5
2.788,5563.5
2.792,5563.3
2.803,5563.2
2.807,5563.1
2.815,5562.9
2.819,5562.6
2.82,5562.8
2.821,5562.6
2.829,5562.4
2.831,5562.4
2.833,5562.2
2.842,5562.0
2.847,5561.8
2.848,5561.7
2.858,5561.5
2.864,5561.4
2.868,5561.2
2.872,5561.1
2.883,5560.9
2.886,5560.75
2.895,5560.5
2.898,5560.5
2.9,5560.3
2.908,5560.2
2.912,5560.1
2.915,5560.1
2.927,5560.1
2.935,5560.0
2.943,5560.0
2.951,5559.9
2.974,5559.9
2.988,5559.9
3.0,5560.0
3.027,5560.0
3.038,5560.0
3.047,5560.2
3.065,5560.4
3.07,5560.5
3.074,5560.6
3.083,5560.7
3.088,5560.9
3.092,5561.0
3.097,5561.1
3.109,5561.2
3.112,5561.4
3.116,5561.6
3.131,5561.9
3.139,5562.0
3.148,5562.2
3.175,5562.2
3.192,5562.2
3.213,5562.3
3.265,5562.3
3.287,5562.3
3.3,5562.2
3.314,5562.2
3.338,5562.2
3.346,5562.1
3.355,5562.1
3.369,5562.0
3.375,5561.9
3.382,5561.8
3.398,5561.6
3.406,5561.5
3.412,5561.4
3.43,5561.3
3.438,5561.1
3.443,5561.0
3.456,5560.8
3.462,5560.7
3.467,5560.5
3.471,5560.3
3.481,5560.1
3.486,5560.0
3.488,5559.7
3.501,5559.4
3.507,5559.3
3.51,5559.1
3.525,5558.8
3.532,5558.5
3.538,5558.3
3.544,5558.0
3.559,5557.7
3.563,5557.4
3.569,5557.2
3.585,5556.7
3.592,5556.3
3.596,5555.9
3.606,5555.5
3.611,5555.1
3.614,5554.7
3.62,5554.4
3.622,5553.7
3.623,5554.2
3.63,5553.3
3.636,5552.8
3.638,5552.3
3.641,5551.9
3.652,5551.4
3.658,5550.9
3.665,5550.6
3.681,5550.2
3.688,5549.8
3.692,5549.4
3.706,5549.1
3.714,5548.7
3.721,5548.5
3.733,5548.2
3.739,5547.9
3.742,5547.7
3.75,5547.4
3.764,5547.1
3.77,5546.8
3.777,5546.5
3.788,5546.3
3.793,5546.1
3.795,5545.9
3.808,5545.7
3.812,5545.6
3.814,5545.4
3.825,5545.1
3.833,5545.0
3.836,5544.8
3.845,5544.6
3.852,5544.3
3.856,5544.1
3.862,5544.0
3.877,5543.7
3.882,5543.5
3.885,5543.3
3.902,5543.1
3.912,5542.9
3.92,5542.6
3.94,5542.3
3.949,5542.2
3.956,5541.9
3.963,5541.6
3.976,5541.3
3.979,5541.1
3.988,5540.8
3.994,5540.4
4.0,5540.1
4.005,5539.9
4.021,5539.5
4.028,5539.2
4.032,5538.8
4.047,5538.4
4.053,5538.0
4.058,5537.6
4.066,5537.3
4.074,5537.1
4.077,5536.9
4.083,5536.7
4.104,5536.4
4.113,5536.2
4.125,5535.9
4.147,5535.6
4.155,5535.4
4.16,5535.1
4.174,5534.9
4.184,5534.6
4.189,5534.3
4.2,5534.0
4.209,5533.8
4.214,5533.5
4.223,5533.2
4.237,5532.9
4.243,5532.6
4.249,5532.5
4.265,5532.2
4.273,5531.9
4.279,5531.6
4.297,5531.2
4.304,5531.0
4.306,5530.7
4.319,5530.4
4.326,5530.3
4.331,5530.0
4.342,5529.7
4.351,5529.5
4.354,5529.2
4.36,5529.0
4.376,5528.8
4.383,5528.5
4.385,5528.3
4.4,5528.2
4.406,5528.0
4.411,5527.8
4.425,5527.7
4.432,5527.6
4.438,5527.4
4.45,5527.3
4.457,5527.1
4.461,5527.1
4.464,5526.9
4.478,5526.8
4.483,5526.7
4.485,5526.5
4.497,5526.5
4.504,5526.4
4.507,5526.4
4.52,5526.3
4.527,5526.3
4.529,5526.2
4.535,5526.1
4.55,5526.1
4.556,5526.0
4.56,5526.1
4.576,5526.1
4.582,5526.1
4.591,5526.0
4.596,5526.0
4.601,5526.0
4.602,5526.0
4.612,5526.0
4.617,5526.0
4.618,5526.0
4.628,5526.0
4.635,5526.0
4.642,5526.0
4.649,5526.0
4.663,5526.0
4.668,5526.0
4.674,5526.1
4.687,5518.450000000001
4.688,5511.2
4.691,5511.85
4.692,5510.3
4.694,5526.2
4.697,5526.3
4.7,5512.5
4.702,5512.45
4.703,5513.0
4.704,5513.950000000001
4.711,5515.1
4.712,5520.5
4.716,5509.3
4.719,5520.8
4.72,5526.4
4.721,5517.299999999999
4.722,5517.7
4.724,5517.0
4.728,5526.5
4.73,5518.0
4.732,5526.5
4.733,5522.55
4.734,5520.533333333333
4.736,5521.1
4.737,5523.0
4.738,5524.914583333332
4.739,5523.81655629139
4.74,5524.546601941747
4.741,5524.997167755991
4.742,5525.153550295858
4.743,5525.376175040519
4.744,5527.183430232559
4.745,5528.783734939759
4.746,5530.323170731707
4.747,5529.746774193549
4.748,5528.51891891892
4.749,5528.811111111111
4.75,5528.142857142857
4.751,5528.5
4.752,5519.1
4.757,5519.4
4.765,5509.1
4.773,5519.7
4.774,5506.9
4.787,5519.8
4.801,5508.6
4.805,5520.2
4.811,5520.4
4.817,5507.4
4.826,5508.0
4.831,5520.6
4.837,5521.0
4.841,5521.2
4.869,5521.6
4.881,5521.9
4.886,5522.1
4.903,5522.6
4.911,5523.1
4.922,5523.8
4.926,5524.2
4.942,5524.9
4.952,5525.6
4.957,5525.8
4.968,5525.9
4.97,5525.9
4.971,5526.1
4.978,5526.2
4.981,5526.5
4.982,5526.9
4.997,5527.5
5.003,5528.2
5.01,5529.1
5.016,5529.7
5.031,5530.8
5.034,5532.0
5.036,5533.3
5.055,5534.6
5.062,5536.7
5.068,5538.9
5.083,5541.0
5.092,5542.1
5.095,5544.3
5.109,5546.5
5.117,5548.8
5.122,5551.2
5.129,5553.6
5.141,5556.0
5.145,5558.5
5.155,5560.9
5.161,5562.1
5.165,5564.6
5.168,5567.1
5.18,5569.8
5.184,5572.5
5.187,5575.0
5.194,5577.5
5.197,5580.35
5.204,5583.5
5.209,5586.1
5.213,5588.8
5.218,5591.5
5.229,5594.3
5.233,5597.2
5.234,5600.1
5.247,5603.0
5.252,5604.5
5.254,5607.5
5.265,5610.6
5.269,5614.950000000001
5.273,5618.9
5.28,5621.4
5.282,5624.0
5.286,5625.3
5.296,5628.1
5.299,5631.3
5.304,5634.6
5.312,5638.6
5.317,5642.8
5.318,5646.9
5.33,5650.9
5.337,5653.2
5.339,5657.9
5.353,5662.6
5.358,5667.3
5.364,5672.0
5.37,5676.7
5.38,5680.7
5.383,5684.5
5.384,5688.4
5.398,5690.3
5.403,5694.5
5.407,5699.0
5.416,5703.5
5.422,5708.1
5.423,5713.0
5.432,5717.9
5.436,5723.0
5.438,5728.6
5.446,5734.6
5.45,5737.8
5.454,5744.2
5.455,5750.7
5.466,5757.3
5.469,5767.85
5.479,5779.6
5.484,5788.2
5.488,5792.6
5.494,5801.3
5.498,5809.8
5.5,5818.3
5.504,5826.8
5.513,5835.4
5.515,5839.9
5.522,5840.2
5.526,5840.3
5.53,6219.2
5.534,6265.9
5.547,6256.3
5.554,6248.6
5.556,6252.7
5.566,6250.1
5.571,6248.3
5.572,6228.8
5.576,6238.5
5.587,6216.7
5.588,6176.9
5.589,6158.9
5.591,6150.7
5.596,6186.0
5.601,6203.8
5.603,6228.2
5.618,6266.3
5.625,6298.1
5.629,6321.5
5.637,6337.3
5.641,6350.75
5.65,6363.3
5.665,6371.1
5.669,6377.9
5.671,6384.3
5.687,6391.1
5.69,6398.7
5.691,6395.9
5.694,6401.6
5.696,6407.0
5.698,6403.4
5.706,6411.4
5.71,6416.0
5.713,6420.2
5.72,6424.5
5.726,6429.4
5.732,6435.4
5.737,6438.5
5.746,6444.6
5.751,6450.4
5.753,6456.0
5.766,6461.7
5.774,6468.5
5.777,6475.3
5.79,6482.0
5.796,6488.2
5.8,6491.2
5.805,6497.1
5.814,6502.7
5.818,6508.2
5.828,6514.2
5.834,6520.3
5.84,6526.3
5.844,6532.5
5.857,6535.6
5.862,6541.8
5.863,6547.8
5.875,6553.6
5.881,6559.1
5.887,6564.4
5.893,6569.6
5.908,6574.7
5.912,6577.2
5.915,6588.9
5.929,6600.5
5.934,6610.7
5.939,6618.9
5.952,6626.4
5.958,6634.0
5.959,6641.6
5.969,6649.8
5.975,6654.0
5.98,6662.3
5.988,6670.3
5.994,6678.0
5.995,6686.0
6.0,6693.9
6.01,6700.7
6.015,6707.8
6.02,6711.6
6.03,6719.7
6.032,6734.7
6.033,6727.3
6.039,6741.7
6.046,6748.5
6.048,6755.3
6.061,6761.9
6.069,6767.9
6.073,6770.7
6.076,6775.8
6.084,6780.8
6.085,6785.8
6.086,6790.7
6.096,6794.9
6.102,6799.0
6.105,6803.1
6.122,6805.2
6.132,6809.3
6.136,6813.8
6.154,6818.1
6.164,6822.4
6.171,6826.1
6.177,6829.3
6.185,6832.3
6.186,6836.0
6.187,6840.700000000001
6.189,6842.3
6.19,6849.9
6.192,6845.15
6.193,6839.15
6.196,6851.2
6.201,6853.8
6.208,6856.5
6.221,6859.1
6.225,6861.5
6.226,6863.9
6.238,6866.1
6.244,6868.5
6.254,6870.8
6.26,6873.2
6.264,6874.4
6.266,6876.7
6.278,6879.0
6.287,6881.5
6.294,6884.1
6.307,6886.6
6.313,6889.0
6.314,6891.5
6.32,6892.5
6.332,6894.8
6.336,6897.2
6.339,6899.8
6.35,6902.4
6.357,6905.0
6.359,6907.5
6.37,6909.5
6.374,6910.5
6.379,6912.5
6.387,6914.6
6.392,6916.8
6.396,6919.2
6.4,6921.4
6.412,6923.3
6.415,6924.3
6.418,6926.1
6.429,6927.7
6.432,6929.95
6.441,6932.1
6.446,6933.4
6.447,6934.7
6.457,6936.1
6.462,6936.9
6.464,6938.6
6.468,6940.2
6.476,6945.7
6.477,6942.0
6.478,6943.8
6.484,6947.7
6.487,6949.7
6.489,6950.8
6.495,6952.9
6.497,6955.9
6.498,6954.5
6.506,6957.4
6.511,6958.8
6.514,6960.4
6.518,6962.3
6.529,6964.0
6.53,6964.9
6.532,6966.6
6.541,6968.2
6.545,6969.8
6.547,6971.6
6.558,6973.3
6.564,6974.9
6.565,6976.3
6.574,6977.1
6.58,6978.7
6.583,6980.1
6.589,6981.6
6.593,6983.2
6.595,6984.7
6.597,6986.1
6.606,6987.6
6.609,6988.3
6.61,6989.8
6.619,6991.2
6.624,6993.6
6.633,6996.1
6.637,6997.7
6.641,6999.4
6.647,7001.0
6.652,7001.9
6.654,7003.5
6.661,7005.1
6.665,7006.8
6.668,7008.5
6.671,7010.2
6.68,7012.0
6.685,7013.8
6.687,7014.7
6.697,7016.5
6.703,7018.3
6.707,7020.0
6.714,7021.6
6.717,7023.3
6.719,7024.9
6.72,7026.5
6.727,7027.4
6.729,7029.1
6.732,7030.7
6.735,7032.2
6.738,7033.9
6.74,7035.5
6.758,7037.4
6.767,7039.1
6.772,7040.8
6.787,7041.6
6.795,7043.2
6.801,7044.7
6.81,7046.3
6.815,7047.7
6.819,7049.0
6.822,7050.3
6.833,7051.6
6.839,7052.2
6.842,7053.5
6.855,7054.8
6.861,7056.2
6.864,7057.5
6.875,7058.8
6.881,7060.1
6.886,7061.5
6.896,7062.9
6.903,7063.6
6.908,7064.8
6.917,7066.1
6.925,7067.2
6.928,7068.3
6.929,7069.5
6.941,7070.7
6.949,7071.9
6.953,7072.6
6.965,7074.1
6.971,7075.6
6.972,7077.1
6.977,7078.5
6.99,7080.0
6.994,7081.5
6.995,7083.1
7.009,7083.9
7.013,7086.2
7.025,7088.4
7.029,7089.9
7.03,7091.5
7.04,7093.3
7.046,7095.2
7.048,7097.1
7.061,7098.1
7.067,7101.0
7.07,7103.9
7.082,7105.8
7.088,7107.8
7.09,7109.5
7.104,7111.3
7.108,7113.1
7.113,7114.0
7.12,7115.8
7.126,7117.5
7.129,7119.3
7.132,7121.2
7.142,7123.0
7.145,7124.9
7.152,7126.8
7.158,7127.8
7.163,7129.9
7.165,7132.1
7.177,7134.2
7.181,7137.2
7.191,7140.4
7.195,7142.7
7.197,7143.8
7.208,7146.0
7.214,7148.3
7.218,7150.7
7.222,7153.1
7.236,7155.6
7.239,7159.2
7.252,7161.6
7.259,7164.0
7.264,7166.3
7.283,7168.5
7.289,7170.8
7.29,7172.9
7.302,7175.1
7.311,7177.2
7.317,7179.5
7.326,7180.6
7.339,7182.6
7.34,7186.5
7.341,7184.5
7.352,7188.6
7.358,7190.6
7.359,7192.7
7.371,7194.6
7.376,7196.4
7.385,7199.1
7.39,7200.8
7.392,7202.6
7.398,7204.5
7.413,7206.3
7.417,7208.2
7.424,7209.2
7.435,7211.3
7.441,7213.2
7.444,7215.3
7.452,7217.2
7.456,7220.200000000001
7.465,7223.1
7.471,7225.2
7.476,7226.3
7.483,7228.8
7.501,7231.6
7.506,7234.3
7.511,7236.8
7.525,7239.2
7.528,7242.0
7.531,7244.9
7.547,7246.4
7.554,7249.4
7.558,7252.5
7.574,7255.6
7.582,7258.8
7.587,7262.0
7.594,7265.2
7.614,7268.3
7.619,7271.4
7.624,7273.0
7.633,7275.9
7.638,7280.0
7.651,7283.9
7.654,7286.6
7.657,7289.4
7.667,7292.4
7.674,7293.9
7.678,7296.9
7.684,7299.6
7.694,7302.1
7.696,7304.9
7.698,7307.7
7.706,7310.3
7.707,7312.8
7.708,7314.0
7.713,7316.7
7.718,7319.5
7.719,7322.5
7.73,7325.7
7.736,7330.65
7.747,7337.15
7.748,7341.0
7.75,7337.8
7.754,7343.1
7.755,7345.4
7.759,7348.1
7.765,7350.7
7.767,7353.2
7.768,7357.85
7.769,7366.1
7.77,7364.125
7.771,7365.280000000001
7.772,7365.85
7.773,7366.24
7.774,7369.342857142857
7.775,7369.581818181819
7.776,7369.975
7.777,7369.660000000001
7.778,7371.0
7.78,7370.2
7.792,7370.3
7.793,7370.5
7.798,7370.7
7.803,7370.9
7.804,7371.5
7.806,7371.2
7.81,7372.0
7.815,7372.6
7.818,7373.4
7.827,7374.3
7.833,7374.8
7.838,7375.8
7.844,7377.0
7.858,7378.4
7.864,7379.9
7.866,7381.4
7.877,7382.9
7.882,7384.85
7.893,7386.9
7.898,7388.7
7.9,7390.5
7.911,7392.6
7.916,7394.8
7.921,7397.1
7.931,7399.7
7.937,7401.0
7.94,7403.8
7.943,7406.7
7.955,7409.7
7.958,7415.4
7.959,7412.4
7.966,7442.5
7.967,7418.4
7.968,7438.7
7.972,7421.6
7.973,7425.1
7.974,7441.05
7.977,7450.1
7.98,7452.0
7.982,7427.0
7.983,7456.4
7.987,7431.3
7.989,7434.0
7.993,7461.0
7.994,7468.25
8.005,7476.4
8.01,7484.55
8.017,7489.9
8.03,7495.2
8.033,7500.9
8.036,7506.6
8.048,7512.4
8.05,7524.9
8.051,7518.6
8.063,7531.3
8.068,7539.5
8.079,7548.0
8.085,7555.1
8.087,7562.6
8.099,7570.2
8.105,7577.8
8.106,7585.5
8.111,7593.0
8.124,7596.9
8.129,7605.0
8.133,7613.9
8.142,7623.2
8.147,7632.7
8.148,7642.2
8.162,7651.5
8.167,7661.2
8.168,7670.9
8.179,7675.7
8.186,7685.5
8.191,7694.9
8.2,7704.2
8.205,7713.6
8.206,7723.1
8.207,7732.7
8.222,7742.4
8.225,7747.4
8.229,7756.9
8.237,7765.7
8.242,7778.950000000001
8.251,7793.8
8.256,7804.2
8.26,7813.7
8.264,7818.3
8.273,7827.7
8.276,7837.0
8.278,7846.0
8.287,7854.2
8.292,7863.3
8.295,7872.5
8.302,7882.1
8.307,7894.1
8.316,7905.8
8.322,7915.4
8.324,7925.5
8.329,7935.4
8.343,7945.3
8.348,7956.0
8.358,7967.9
8.365,7973.8
8.371,7985.4
8.374,7997.4
8.389,8010.0
8.396,8022.3
8.399,8034.8
8.412,8413.0
8.416,8436.5
8.42,8442.4
8.425,8446.4
8.437,8478.650000000001
8.441,8498.7
8.453,8519.4
8.456,8521.099999999999
8.463,8531.5
8.466,8543.0
8.475,8547.0
8.48,8561.5
8.481,8552.5
8.485,8570.2
8.498,8580.0
8.502,8590.1
8.507,8593.3
8.517,8599.8
8.52,8605.1
8.521,8609.8
8.535,8614.5
8.54,8618.1
8.542,8621.9
8.553,8624.7
8.558,8628.2
8.567,8630.5
8.573,8632.6
8.579,8635.8
8.583,8640.3
8.593,8644.5
8.598,8648.9
8.604,8654.2
8.617,8659.8
8.622,8662.6
8.625,8667.9
8.639,8673.5
8.646,8678.8
8.648,8683.8
8.66,8688.4
8.666,8694.7
8.671,8698.4
8.683,8701.6
8.686,8704.4
8.688,8707.2
8.7,8710.0
8.704,8714.15
8.713,8718.1
8.717,8720.599999999999
8.725,8724.1
8.73,8726.3
8.734,8728.5
8.738,8730.8
8.751,8733.3
8.754,8736.0
8.759,8737.4
8.77,8740.1
8.772,8745.6
8.773,8742.9
8.782,8750.0
8.789,8755.9
8.79,8761.6
8.802,8766.8
8.807,8769.3
8.81,8774.1
8.815,8779.1
8.831,8784.3
8.836,8790.0
8.844,8796.0
8.862,8802.3
8.867,8808.6
8.871,8814.7
8.881,8817.9
8.886,8824.0
8.888,8830.5
8.902,8837.0
8.909,8843.1
8.913,8848.6
8.924,8854.1
8.931,8859.6
8.935,8862.1
8.94,8866.9
8.952,8871.6
8.956,8876.2
8.962,8880.7
8.973,8885.4
8.979,8890.1
8.984,8894.7
8.993,8899.4
8.998,8904.05
9.009,8911.3
9.015,8919.25
9.022,8927.9
9.037,8934.1
9.041,8940.6
9.046,8943.9
9.058,8950.7
9.065,8957.7
9.067,8964.8
9.079,8971.9
9.084,8979.0
9.085,8985.8
9.096,8992.3
9.102,8995.5
9.108,9001.9
9.115,9008.8
9.132,9015.8
9.138,9022.8
9.144,9029.8
9.161,9036.9
9.166,9043.9
9.167,9051.0
9.182,9055.0
9.189,9063.5
9.19,9072.5
9.201,9081.0
9.208,9089.2
9.212,9096.8
9.217,9104.3
9.229,9111.5
9.233,9115.1
9.238,9122.5
9.25,9130.4
9.256,9139.4
9.263,9148.8
9.275,9158.3
9.282,9172.7
9.293,9186.8
9.297,9200.7
9.298,9191.3
9.307,9210.2
9.314,9219.9
9.315,9230.4
9.321,9241.7
9.335,9253.7
9.339,9265.8
9.343,9271.9
9.351,9284.3
9.357,9297.0
9.359,9310.4
9.374,9324.5
9.38,9339.0
9.385,9353.2
9.397,9367.1
9.403,9374.0
9.407,9387.7
9.416,9855.7
9.419,9916.6
9.423,10008.3
9.428,10012.4
9.437,10112.9
9.442,10115.05
9.453,10124.1
9.457,10030.5
9.458,10077.7
9.464,10087.2
9.469,10199.0
9.474,10199.1
9.478,10231.3
9.49,10263.8
9.494,10287.0
9.502,10302.9
9.507,10309.6
9.512,10325.6
9.524,10345.8
9.53,10360.9
9.535,10375.4
9.545,10388.7
9.551,10402.5
9.555,10409.7
9.56,10423.1
9.575,10437.1
9.579,10457.9
9.581,10480.8
9.601,10509.5
9.609,10537.1
9.616,10562.6
9.634,10574.2
9.641,10596.3
9.646,10617.0
9.668,11190.0
9.675,11096.7
9.683,11103.5
9.696,11108.4
9.702,11099.2
9.704,11116.4
9.707,11040.5
9.721,11034.1
9.723,11021.4
9.724,11035.2
9.729,11045.4
9.732,11096.349999999999
9.747,11099.0
9.754,11109.0
9.758,11118.1
9.764,11122.3
9.769,11127.9
9.774,11134.2
9.779,11143.0
9.793,11157.3
9.799,11165.4
9.801,11183.1
9.817,11198.7
9.824,11212.0
9.826,11223.3
9.84,11232.9
9.847,11241.4
9.849,11248.9
9.862,11255.3
9.868,11258.2
9.872,11263.3
9.877,11268.2
9.89,11272.8
9.895,11277.4
9.896,11282.4
9.911,11288.7
9.916,11295.2
9.917,11298.9
9.929,11306.4
9.93,11316.8
9.932,11311.3
9.94,11323.5
9.947,11330.0
9.948,11337.2
9.954,11344.3
9.968,11347.7
9.972,11354.4
9.973,11360.7
9.984,11366.6
9.99,11372.3
9.995,11378.0
10.008,11383.4
10.011,11393.1
10.012,11388.3
10.019,11395.3
10.024,11399.8
10.028,11404.1
10.039,11408.4
10.045,11412.9
10.046,11417.4
10.05,11422.1
10.066,11426.5
10.074,11428.9
10.08,11434.0
10.094,11442.2
10.101,11453.2
10.104,11464.3
10.116,11475.7
10.122,11486.8
10.127,11497.2
10.138,11506.3
10.143,11510.5
10.148,11518.2
10.151,11525.9
10.163,11533.6
10.169,11541.2
10.17,11548.7
10.18,11555.9
10.184,11565.05
10.194,11574.0
10.2,11585.2
10.207,11596.6
10.222,11604.6
10.227,11612.3
10.239,11619.7
10.246,11623.3
10.252,11630.6
10.253,11637.4
10.263,11643.5
10.267,11649.7
10.269,11656.8
10.283,11663.1
10.292,11668.8
10.293,11674.1
10.304,11676.8
10.314,11682.2
10.319,11687.8
10.325,11693.5
10.341,11699.2
10.345,11704.8
10.346,11710.4
10.359,11716.0
10.365,11718.8
10.366,11724.7
10.382,11730.5
10.388,11736.5
10.39,11742.2
10.405,11747.8
10.414,11753.1
10.419,11758.1
10.43,11763.1
10.437,11765.5
10.442,11770.1
10.449,11774.7
10.459,11779.0
10.463,11783.2
10.468,11787.1
10.479,11791.1
10.485,11795.4
10.486,11797.5
10.498,11801.7
10.505,11805.8
10.51,11810.1
10.516,11814.1
10.529,11818.2
10.531,11826.3
10.532,11822.2
10.546,11830.4
10.55,11834.8
10.554,11836.9
10.563,11841.3
10.569,11845.5
10.571,11849.5
10.582,11853.2
10.589,11856.9
10.592,11860.1
10.604,11863.1
10.61,11864.7
10.616,11867.6
10.621,11870.6
10.633,11873.7
10.636,11876.8
10.639,11879.5
10.648,11882.3
10.653,11885.2
10.657,11886.6
10.668,11889.4
10.67,11894.2
10.672,11891.9
10.674,11896.3
10.687,11898.5
10.69,11900.8
10.7,11903.1
10.706,11904.3
10.711,11906.5
10.714,11908.7
10.727,11910.8
10.732,11912.8
10.733,11914.8
10.745,11916.8
10.752,11918.9
10.753,11920.0
10.764,11922.1
10.77,11924.2
10.773,11926.1
10.778,11928.0
10.792,11930.0
10.799,11932.4
10.805,11934.7
10.82,11935.8
10.825,11939.1
10.837,11942.4
10.842,11944.6
10.843,11946.9
10.853,11949.0
10.859,11951.4
10.863,11953.7
10.867,11954.9
10.875,11962.0
10.876,11958.5
10.887,11964.1
10.894,11966.3
10.896,11968.4
10.908,11970.5
10.915,11972.6
10.926,11975.6
10.931,11977.4
10.934,11979.1
10.94,11980.8
10.944,11982.4
10.949,11984.3
10.954,11986.5
10.968,11987.6
10.972,11992.3
10.973,11989.9
10.981,11994.6
10.988,11997.1
10.997,11999.7
11.008,12002.2
11.013,12005.3
11.017,12008.1
11.031,12010.3
11.038,12013.0
11.057,12016.0
11.067,12019.4
11.075,12022.8
11.079,12026.0
11.093,12027.5
11.096,12033.5
11.097,12030.5
11.107,12036.7
11.114,12039.8
11.118,12043.6
11.129,12049.2
11.151,12054.4
11.157,12060.2
11.164,12063.1
11.185,12069.7
11.193,12080.6
11.199,12093.0
11.219,12105.5
11.225,12124.4
11.238,12864.8
11.242,12815.45
11.257,12984.8
11.264,13035.5
11.269,13071.1
11.276,13119.1
11.293,13144.8
11.299,13172.6
11.304,13184.8
11.317,13285.8
11.324,13332.0
11.331,13365.3
11.35,13365.4
11.357,13371.1
11.358,13381.4
11.37,13397.3
11.377,13411.1
11.378,13405.7
11.382,13423.1
11.396,13433.0
11.4,13446.5
11.404,13462.7
11.416,13483.7
11.424,13506.7
11.426,13527.0
11.44,13536.3
11.45,13552.8
11.452,13568.9
11.468,13582.9
11.477,13595.4
11.483,13607.3
11.489,13619.9
11.501,13630.6
11.505,13639.9
11.509,13644.1
11.52,13662.6
11.521,13653.9
11.531,13668.8
11.536,13681.5
11.537,13675.5
11.545,13688.6
11.551,13696.1
11.553,13704.0
11.561,13707.9
11.584,13716.1
11.588,13724.3
11.59,13732.0
11.605,13739.6
11.61,13747.0
11.615,13754.4
11.628,13760.8
11.63,13767.3
11.642,13776.8
11.648,13782.9
11.65,13789.0
11.667,13795.4
11.677,13801.9
11.683,13805.1
11.69,13811.4
11.707,13817.4
11.713,13823.3
11.717,13829.3
11.734,13835.5
11.742,13850.2
11.75,13864.5
11.764,13871.3
11.771,13884.9
11.773,13899.1
11.784,13912.1
11.789,13924.3
11.794,13935.6
11.799,13945.1
11.813,13953.6
11.817,13957.9
11.818,13966.3
11.828,13974.6
11.834,13982.5
11.838,13990.1
11.846,13997.8
11.851,14005.7
11.855,14013.6
11.867,14021.1
11.874,14025.0
11.88,14033.6
11.887,14042.7
11.904,14051.9
11.909,14061.7
11.912,14071.9
11.927,14081.6
11.934,14091.1
11.936,14095.1
11.951,14103.6
11.959,14111.5
11.962,14119.3
11.98,14126.7
11.988,14133.8
11.995,14140.8
12.012,14148.1
12.023,14156.1
12.027,14160.1
12.031,14167.4
12.052,14174.8
12.059,14182.6
12.061,14190.0
12.075,14196.9
12.08,14203.4
12.081,14209.4
12.093,14212.3
12.099,14217.9
12.104,14223.5
12.115,14229.2
12.122,14235.3
12.13,14241.4
12.138,14248.7
12.161,14256.6
12.168,14260.9
12.175,14269.4
12.185,14276.9
12.19,14284.7
12.195,14292.5
12.206,14300.5
12.212,14308.8
12.217,14317.6
12.231,14326.5
12.24,14331.3
12.247,14341.2
12.251,14350.9
12.269,14360.2
12.274,14369.8
12.284,14378.9
12.289,14387.9
12.295,14398.35
12.306,14408.4
12.307,14421.2
12.309,14414.9
12.314,14427.1
12.317,14433.2
12.321,14439.6
12.328,14445.8
12.332,14452.3
12.337,14459.7
12.35,14472.8
12.356,14483.0
12.363,14493.4
12.381,14503.7
12.391,14516.3
12.395,14530.4
12.41,14536.8
12.417,14550.5
12.423,14565.1
12.434,14581.0
12.438,14597.9
12.44,16148.2
12.444,15971.6
12.462,16087.7
12.471,15990.7
12.473,15798.8
12.483,15791.3
12.488,15976.2
12.489,16216.4
12.507,16227.7
12.521,16451.1
12.529,16495.8
12.547,16497.1
12.558,16545.0
12.564,16545.2
12.575,16543.4
12.582,16524.1
12.584,16503.8
12.586,16486.9
12.593,16479.2
12.595,16482.2
12.597,16479.5
12.607,16493.6
12.614,16516.1
12.619,16559.3
12.624,16605.2
12.64,16649.3
12.646,16687.1
12.647,16720.9
12.665,16736.7
12.671,16766.3
12.672,16794.0
12.685,16823.6
12.688,18149.6
12.692,17934.1
12.702,18371.5
12.711,18373.4
12.716,18471.4
12.729,18519.0
12.737,18525.6
12.744,18580.7
12.748,18635.7
12.765,18594.1
12.769,18716.9
12.78,18790.7
12.786,18826.5
12.789,18860.7
12.8,18957.0
12.805,19038.4
12.81,19119.1
12.821,19222.4
12.826,19306.0
12.83,19379.4
12.841,19454.5
12.847,19492.7
12.852,19566.3
12.853,19632.7
12.867,19690.4
12.871,19739.7
12.872,19786.9
12.885,19838.1
12.892,19887.3
12.894,19912.3
12.907,19962.7
12.911,21412.1
12.914,21257.3
12.916,21653.6
12.932,21824.2
12.936,21919.4
12.937,22091.6
12.956,22167.9
12.964,22297.8
12.965,22390.7
12.98,22453.2
12.987,22574.1
13.001,22694.2
13.007,22712.0
13.012,22771.0
13.018,22804.9
13.031,22857.3
13.034,22913.85
13.052,22971.4
13.057,23014.25
13.076,23052.7
13.083,23085.199999999997
13.097,23136.5
13.104,23209.9
13.117,23305.0
13.123,23399.9
13.13,23463.9
13.139,25409.3
13.141,25167.9
13.146,24847.1
13.148,25616.8
13.15,26018.3
13.152,25769.5
13.163,26146.5
13.164,26301.6
13.166,26314.4
13.173,26352.8
13.179,26506.1
13.181,26848.7
13.185,26849.1
13.202,26844.4
13.207,26808.1
13.208,26774.9
13.219,26760.6
13.225,26753.1
13.228,26759.6
13.236,26777.7
13.241,26882.6
13.242,26818.2
13.247,26953.5
13.265,27021.8
13.268,27053.3
13.271,27111.5
13.284,27170.5
13.285,27269.4
13.287,27224.5
13.297,27311.1
13.299,27387.7
13.3,27350.1
13.309,27424.9
13.314,27479.3
13.315,27443.4
13.327,27514.3
13.333,27562.4
13.34,27612.1
13.355,27646.0
13.36,27681.4
13.366,27702.1
13.374,27741.7
13.378,27779.3
13.382,27814.9
13.392,27853.1
13.398,27911.25
13.409,27967.1
13.414,27985.5
13.418,28021.6
13.428,28058.2
13.43,29520.6
13.435,29542.199999999997
13.449,29566.8
13.451,29595.6
13.452,29562.6
13.459,29573.6
13.462,29638.6
13.464,29632.2
13.472,29654.1
13.476,29649.7
13.479,29676.8
13.483,29678.3
13.496,29676.5
13.498,29667.7
13.51,29658.2
13.511,29660.5
13.513,29658.0
13.521,29670.9
13.527,29717.1
13.528,29690.6
13.54,29751.1
13.547,29770.5
13.551,29807.3
13.556,29840.3
13.568,29869.8
13.57,29897.8
13.571,29922.3
13.582,29944.3
13.584,29966.2
13.585,29976.9
13.591,29998.1
13.592,30041.6
13.593,30019.9
13.602,30064.3
13.607,30096.45
13.615,30127.8
13.62,30137.8
13.624,30158.4
13.629,30179.8
13.64,30201.0
13.642,30221.0
13.645,30239.9
13.649,30272.8
13.652,30273.7
13.655,30324.2
13.658,30303.0
13.659,30310.1
13.662,30338.1
13.665,30352.7
13.667,30370.65
13.671,30743.95
13.672,30727.350000000002
13.674,30759.95
13.675,30390.1
13.676,30403.7
13.677,30801.4
13.678,30426.25
13.68,30593.82
13.681,30699.2
13.682,30552.78
13.683,30562.55
13.684,30745.32
13.685,30643.825
13.686,30763.75
13.687,30837.25
13.689,30862.124999999996
13.69,30861.63333333333
13.691,30911.1
13.694,30910.9
13.696,30926.0
13.7,30943.95
13.701,30957.7
13.704,30981.8
13.705,30991.85
13.706,31477.96666666667
13.707,31088.7
13.708,30992.3
13.709,31012.65
13.71,31048.95
13.711,31075.9
13.712,31753.0
13.715,31141.4
13.717,31767.95
13.718,32393.1
13.719,31125.6
13.724,31847.35
13.725,31468.9
13.726,31756.379999999997
13.727,31823.050000000003
13.728,31622.739999999998
13.729,31711.46
13.73,31819.600000000002
13.731,31749.066666666666
13.732,31737.87777777778
13.733,31800.225000000002
13.734,31760.850000000002
13.735,32106.774999999998
13.736,31910.7
13.737,32259.6
13.738,31966.033333333336
13.739,32300.4
13.741,32489.5
13.742,32328.1
13.755,32513.5
13.762,32537.8
13.764,32562.4
13.782,32598.4
13.783,32587.2
13.787,32620.2
13.797,32642.6
13.801,32664.6
13.802,32687.2
13.813,32709.6
13.816,32751.8
13.818,32730.9
13.821,32762.2
13.832,32782.9
13.833,32803.3
13.835,32824.6
13.841,32892.6
13.844,32846.3
13.845,32868.6
13.85,32918.7
13.853,32962.7
13.854,32932.8
13.862,32994.1
13.864,33057.5
13.866,33026.0
13.87,33088.1
13.875,33118.7
13.877,33149.0
13.879,33164.0
13.887,33250.2
13.888,33192.8
13.89,33220.8
13.897,33308.85
13.899,33309.3
13.905,33368.0
13.907,33413.3
13.909,33398.6
13.912,33442.5
13.915,33472.1
13.916,33520.5
13.923,33572.4
13.928,33610.0
13.931,33649.8
13.939,33745.5
13.941,33668.7
13.943,33709.0
13.946,33776.7
13.947,33831.8
13.949,33804.9
13.957,33857.6
13.963,33884.9
13.964,33898.7
13.969,33924.7
13.984,33952.7
13.985,34007.5
13.987,33979.0
13.999,34037.1
14.0,34095.1
14.003,34066.3
14.01,34124.4
14.014,34153.149999999994
14.027,34199.0
14.03,34266.1
14.031,34231.7
14.035,34298.3
14.046,34328.1
14.047,34357.2
14.048,34371.3
14.055,34447.3
14.057,34398.4
14.058,34423.5
14.064,34476.0
14.065,34540.7
14.067,34508.2
14.075,34573.5
14.081,34590.2
14.085,34625.9
14.095,34663.3
14.101,34702.0
14.104,34740.7
14.109,34780.9
14.124,34825.3
14.127,34892.899999999994
14.143,34939.5
14.148,35034.7
14.149,34987.2
14.16,35085.9
14.166,35140.2
14.168,35194.7
14.173,35249.3
14.186,35301.9
14.189,35327.6
14.193,35379.1
14.206,35434.2
14.209,35492.2
14.213,35550.0
14.225,35667.350000000006
14.227,35667.4
14.234,35785.3
14.238,35874.3
14.239,35815.1
14.247,35932.5
14.251,36051.7
14.252,35991.9
14.256,36111.9
14.27,36172.6
14.274,36233.5
14.277,36263.8
14.285,36325.1
14.289,36386.4
14.291,36446.2
14.297,36504.4
14.298,36619.4
14.302,36560.2
14.307,36676.9
14.312,36705.9
14.314,36765.5
14.316,36823.8
14.319,36909.8
14.321,36991.0
14.33,37041.6
14.333,37144.1
14.334,37092.4
14.348,37170.0
14.354,37220.1
14.358,37268.6
14.368,37316.0
14.372,37363.7
14.375,37409.7
14.379,37452.5
14.39,37494.4
14.393,37536.4
14.4,37577.8
14.405,37599.0
14.409,37679.5
14.41,37639.4
14.421,37716.0
14.424,37791.4
14.425,37753.3
14.437,37831.3
14.442,37889.5
14.443,37870.7
14.447,37926.5
14.46,37961.5
14.462,37997.2
14.465,38030.1
14.472,38140.26666666667
14.473,38063.8
14.476,38153.7
14.481,38230.3
14.483,38294.2
14.486,38263.3
14.493,38325.5
14.499,38357.2
14.501,38373.4
14.504,38430.4
14.507,38459.2
14.508,38403.9
14.51,38489.2
14.526,38520.6
14.533,38551.1
14.539,38581.2
14.553,38596.5
14.556,38657.8
14.558,38627.0
14.565,38687.5
14.57,38718.8
14.573,38750.1
14.576,38780.2
14.585,38810.4
14.587,38857.1
14.588,38826.0
14.6,38890.4
14.605,38924.8
14.608,38959.4
14.616,38993.5
14.622,39045.95
14.636,39101.7
14.644,39120.3
14.65,39156.9
14.656,39191.9
14.668,39227.6
14.672,39264.1
14.675,39300.2
14.688,39336.9
14.69,39390.9
14.692,39372.9
14.703,39428.0
14.708,39464.0
14.709,39499.3
14.718,39535.0
14.722,39605.0
14.723,39570.3
14.735,39640.5
14.741,39659.2
14.744,39715.3
14.756,39772.0
14.758,39810.8
14.759,39847.1
14.764,39946.2
14.767,39881.1
14.768,39912.1
14.771,39965.0
14.776,40002.8
14.779,40039.9
14.789,40080.1
14.795,40144.5
14.803,40209.6
14.82,40252.6
14.824,40296.5
14.834,40365.1
14.836,40455.6
14.838,40410.1
14.846,40503.6
14.85,40550.7
14.853,40598.2
14.862,40648.4
14.869,40673.9
14.875,40727.3
14.881,40778.7
14.897,40829.7
14.902,40907.35
14.912,40985.8
14.917,41047.35
14.927,41107.7
14.933,41155.6
14.937,41203.8
14.946,41251.9
14.95,41298.6
14.953,41345.0
14.958,41391.5
14.967,41414.3
14.97,41501.6
14.971,41458.9
14.983,41586.05
14.985,41586.0
14.992,41671.2
14.996,41757.2
14.997,41714.1
15.008,41778.4
15.012,41820.1
15.015,41861.8
15.022,41902.8
15.028,41944.1
15.029,42028.6
15.03,41986.0
15.042,42071.9
15.046,42135.8
15.047,42093.6
15.059,42178.4
15.064,42220.3
15.069,42261.3
15.077,42302.9
15.085,42344.3
15.087,42386.8
15.095,42428.8
15.1,42450.0
15.101,42491.5
15.106,42532.8
15.119,42574.7
15.121,42656.9
15.122,42616.9
15.131,42696.8
15.137,42746.149999999994
15.148,42808.2
15.152,42823.8
15.156,42854.3
15.16,42884.4
15.174,42914.4
15.175,42972.8
15.176,42943.9
15.188,43001.8
15.19,43031.0
15.192,43045.3
15.198,43074.3
15.201,43131.1
15.203,43102.5
15.207,43159.5
15.21,43217.6
15.213,43188.4
15.22,43247.2
15.225,43262.2
15.228,43292.2
15.232,43322.8
15.242,43417.0
15.243,43354.1
15.245,43385.6
15.253,43448.6
15.257,43496.5
15.259,43465.1
15.266,43527.2
15.269,43592.1
15.272,43559.4
15.277,43625.4
15.283,43658.9
15.287,43694.2
15.297,43730.7
15.303,43749.0
15.307,43804.45
15.319,43858.0
15.323,43910.0
15.334,43962.2
15.34,44004.649999999994
15.352,44046.7
15.356,44080.2
15.362,44112.5
15.366,44145.3
15.381,44178.0
15.385,44211.1
15.39,44244.2
15.405,44260.7
15.41,44293.2
15.411,44325.5
15.422,44358.3
15.427,44391.1
15.43,44423.5
15.439,44455.2
15.441,44518.1
15.444,44486.7
15.446,44533.9
15.458,44565.7
15.46,44597.4
15.463,44629.6
15.472,44661.9
15.476,44710.600000000006
15.484,44759.5
15.489,44775.6
15.491,44807.7
15.499,44839.2
15.503,44903.8
15.504,44871.2
15.512,44936.1
15.518,44967.9
15.521,44999.9
15.529,45031.4
15.533,45075.7
15.536,45076.5
15.542,45133.6
15.546,45162.1
15.549,45190.7
15.556,45220.4
15.557,45261.1
15.559,45247.9
15.563,45287.6
15.578,45314.2
15.581,45340.7
15.59,45368.1
15.596,45394.4
15.6,45419.4
15.601,45444.4
15.618,45457.3
15.622,45508.3
15.624,45483.3
15.632,45532.8
15.636,45583.5
15.637,45557.3
15.65,45613.3
15.655,45643.2
15.661,45672.9
15.666,45688.3
15.68,45720.8
15.685,45770.8
15.701,45822.4
15.704,45892.0
15.707,45857.2
15.716,45927.2
15.724,45945.3
15.725,45982.4
15.74,46018.6
15.746,46054.5
15.747,46091.2
15.754,46127.8
15.77,46163.7
15.774,46200.5
15.777,46218.7
15.789,46330.5
15.79,46255.4
15.793,46292.6
15.802,46368.3
15.804,46442.5
15.805,46405.2
15.815,46480.7
15.82,46537.6
15.821,46518.6
15.832,46574.8
15.838,46612.0
15.842,46650.2
15.845,46688.9
15.857,46769.6
15.861,46770.3
15.863,46901.6
15.865,46829.0
15.867,46865.7
15.868,46936.2
15.87,47006.7
15.873,46971.1
15.879,47043.1
15.888,47078.8
15.889,47113.1
15.893,47129.6
15.908,47160.6
15.911,47207.4
15.927,47257.8
15.937,47289.8
15.944,47321.3
15.963,47355.9
15.97,47390.3
15.971,47406.2
15.977,47438.4
15.992,47471.3
15.997,47503.4
16.003,47537.2
16.022,47572.4
16.027,47609.3
16.028,47645.8
16.043,47663.0
16.046,47695.9
16.049,47730.6
16.061,47765.7
16.064,47837.2
16.067,47802.0
16.076,47872.4
16.082,47923.5
16.084,47906.9
16.087,47956.8
16.101,47990.0
16.105,48022.7
16.108,48055.3
16.122,48088.3
16.125,48153.2
16.127,48121.3
16.134,48168.8
16.137,48233.6
16.139,48200.8
16.148,48266.8
16.151,48335.4
16.153,48301.3
16.156,48370.0
16.169,48404.0
16.172,48439.7
16.177,48457.9
16.185,48497.3
16.188,48578.2
16.19,48537.6
16.2,48657.350000000006
16.203,48658.1
16.21,48734.0
16.215,48753.2
16.218,48792.6
16.222,48833.8
16.233,48897.25
16.235,48959.7
16.245,49037.15
16.246,49037.6
16.264,49093.0
16.268,49127.2
16.269,49163.7
16.28,49200.0
16.281,49264.1
16.285,49233.0
16.287,49294.1
16.297,49335.8
16.298,49362.5
16.301,49322.5
16.306,49389.9
16.307,49444.3
16.31,49417.8
16.314,49493.350000000006
16.317,49493.1
16.322,49530.0
16.324,49580.2
16.326,49554.8
16.333,49607.1
16.336,49662.0
16.337,49634.4
16.343,49689.8
16.354,49717.1
16.358,49744.2
16.363,49757.4
16.373,49784.4
16.379,49824.649999999994
16.394,49865.2
16.401,49923.4
16.402,49894.0
16.415,49951.9
16.421,49965.4
16.425,49990.5
16.431,50014.5
16.444,50038.3
16.448,50062.1
16.451,50085.9
16.456,50108.1
16.457,50154.0
16.459,50131.2
16.468,50165.4
16.469,50208.2
16.472,50187.1
16.479,50229.1
16.486,50250.6
16.493,50272.0
16.498,50291.7
16.509,50323.5
16.511,50319.7
16.523,50352.5
16.525,50368.8
16.527,50384.4
16.533,50399.5
16.534,50431.5
16.537,50415.2
16.542,50439.6
16.547,50456.8
16.55,50473.7
16.557,50491.1
16.562,50508.9
16.565,50544.2
16.566,50526.6
16.58,50561.9
16.583,50579.3
16.586,50588.2
16.597,50605.7
16.599,50638.8
16.602,50623.3
16.605,50653.9
16.611,50668.9
16.617,50684.2
16.633,50700.1
16.642,50708.7
16.649,50725.7
16.654,50742.6
16.673,50760.1
16.678,50784.0
16.692,50804.8
16.699,50817.8
16.701,50824.1
16.718,50837.3
16.726,50850.7
16.73,50864.2
16.742,50876.7
16.746,50888.6
16.749,50900.4
16.753,50911.3
16.761,50924.2
16.764,50936.6
16.768,50942.9
16.776,50955.3
16.781,50967.6
16.786,50980.6
16.794,50993.5
16.795,51016.4
16.799,51004.8
16.802,51027.7
16.807,51034.2
16.81,51047.0
16.814,51060.1
16.826,51086.25
16.829,51086.1
16.839,51112.4
16.841,51131.8
16.843,51125.7
16.85,51144.0
16.86,51156.8
16.867,51171.1
16.879,51185.5
16.889,51200.1
16.894,51215.0
16.908,51230.4
16.917,51238.6
16.922,51262.7
16.935,51286.6
16.941,51301.9
16.944,51318.5
16.961,51336.5
16.969,51356.3
16.979,51374.0
16.986,51387.4
16.989,51400.8
16.997,51414.8
17.002,51428.2
17.003,51454.2
17.004,51440.9
17.016,51467.3
17.017,51487.7
17.019,51474.1
17.027,51501.4
17.032,51514.7
17.036,51527.4
17.042,51553.05
17.046,51553.1
17.049,51572.8
17.056,51585.9
17.058,51598.5
17.059,51610.0
17.063,51636.2
17.065,51635.75
17.068,51667.8
17.07,51661.8
17.076,51679.3
17.08,51690.9
17.081,51702.2
17.087,51712.8
17.091,51723.8
17.094,51735.3
17.104,51747.3
17.11,51753.3
17.111,51777.5
17.114,51765.5
17.12,51788.3
17.124,51797.4
17.128,51805.7
17.134,51814.7
17.139,51828.7
17.14,51823.9
17.154,51838.2
17.161,51847.6
17.166,51856.9
17.176,51866.2
17.18,51875.0
17.181,51891.0
17.183,51883.8
17.193,51907.9
17.194,51897.5
17.196,51901.0
17.201,51915.4
17.202,51930.6
17.204,51923.1
17.212,51937.9
17.215,51945.3
17.216,51953.1
17.219,51957.0
17.228,51964.6
17.23,51972.2
17.232,51979.4
17.237,51999.6
17.24,51986.3
17.241,51993.1
17.244,52006.2
17.247,52017.0
17.248,52009.6
17.261,52025.3
17.264,52041.4
17.265,52033.5
17.27,52049.1
17.284,52057.7
17.286,52066.5
17.291,52074.9
17.294,52086.3
17.297,52086.5
17.308,52115.9
17.309,52100.7
17.311,52108.6
17.317,52123.8
17.322,52131.3
17.324,52134.6
17.329,52141.0
17.345,52147.6
17.349,52154.1
17.353,52160.8
17.368,52167.4
17.37,52180.5
17.371,52174.2
17.382,52186.3
17.387,52191.350000000006
17.402,52198.9
17.408,52206.65
17.416,52214.9
17.434,52220.7
17.437,52226.7
17.441,52229.5
17.452,52247.9
17.454,52235.6
17.456,52241.9
17.464,52253.8
17.466,52266.2
17.469,52260.0
17.475,52272.4
17.48,52275.4
17.484,52281.4
17.493,52287.7
17.498,52293.9
17.501,52299.9
17.504,52305.6
17.512,52311.6
17.515,52323.8
17.517,52317.7
17.533,52330.0
17.536,52338.6
17.537,52332.9
17.547,52344.1
17.551,52355.1
17.552,52349.6
17.562,52360.8
17.57,52372.6
17.571,52366.7
17.576,52375.4
17.59,52381.5
17.596,52387.9
17.6,52393.8
17.615,52399.8
17.619,52406.0
17.623,52412.3
17.633,52418.3
17.639,52424.25
17.652,52433.4
17.659,52445.2
17.66,52439.4
17.667,52451.0
17.683,52457.1
17.686,52462.9
17.688,52465.9
17.702,52477.05
17.705,52477.3
17.711,52495.6
17.713,52486.9
17.715,52491.3
17.718,52499.7
17.722,52501.6
17.727,52506.0
17.73,52510.2
17.743,52514.4
17.746,52518.2
17.747,52521.8
17.749,52549.8
17.751,52549.2
17.753,52534.920000000006
17.754,52545.98
17.755,52555.55
17.757,52563.3
17.758,52565.2
17.76,52559.5
17.761,52557.6
17.764,52568.4
17.773,52572.15
17.781,52577.9
17.783,52574.9
17.785,52578.9
17.786,52576.6
17.788,52579.9
17.789,52580.9
17.791,52581.3
17.792,52582.8
17.794,52583.3
17.796,52582.25
17.797,52582.666666666664
17.798,52582.600000000006
17.8,52583.2
17.801,52581.62000000001
17.803,52582.1
17.804,52580.899999999994
17.805,52580.7
17.806,52579.4
17.807,52580.4
17.809,52579.1
17.81,52582.6
17.811,52579.3
17.812,52583.350000000006
17.813,52581.43333333333
17.814,52584.7
17.815,52582.82000000001
17.816,52581.95
17.817,52584.05
17.818,52583.44
17.819,52584.4
17.823,52584.6
17.824,52584.5
17.825,52585.3
17.829,52586.3
17.83,52585.8
17.848,52586.8
17.855,52587.4
17.856,52587.8
17.877,52588.8
17.884,52590.7
17.885,52589.7
17.896,52591.7
17.902,52592.5
17.905,52593.5
17.909,52594.7
17.924,52597.6
17.925,52595.9
17.927,52596.5
17.938,52598.6
17.939,52600.6
17.941,52599.6
17.949,52601.8
17.952,52604.1
17.954,52603.0
17.965,52604.8
17.972,52608.0
17.973,52606.3
17.986,52610.0
17.991,52611.6
17.995,52615.6
17.996,52613.7
18.012,52617.6
18.016,52619.7
18.028,52622.7
18.033,52626.7
18.036,52626.7
18.043,52632.5
18.052,52635.8
18.055,52639.2
18.064,52642.8
18.066,52650.25
18.069,52646.4
18.077,52670.3
18.078,52662.1
18.081,52660.3
18.082,52667.5
18.083,52659.1
18.086,52671.9
18.091,52675.4
18.093,52679.4
18.097,52683.7
18.115,52688.5
18.118,52693.5
18.122,52698.6
18.138,52703.7
18.139,52711.3
18.141,52706.2
18.152,52716.1
18.157,52723.05
18.169,52730.4
18.175,52740.8
18.176,52735.5
18.19,52743.4
18.203,52749.0
18.208,52754.6
18.215,52760.8
18.232,52767.2
18.235,52780.4
18.236,52773.7
18.253,52787.0
18.257,52797.0
18.258,52790.4
18.27,52803.7
18.277,52816.7
18.278,52810.2
18.294,52823.5
18.304,52830.5
18.309,52837.5
18.319,52844.5
18.327,52848.1
18.332,52858.55
18.348,52868.3
18.355,52875.1
18.36,52882.5
18.375,52889.7
18.383,52896.5
18.385,52900.0
18.401,52906.6
18.408,52912.9
18.413,52919.3
18.417,52925.3
18.432,52931.8
18.435,52938.5
18.44,52945.7
18.455,52949.5
18.461,52965.6
18.462,52957.5
18.472,52973.6
18.479,52981.1
18.486,52988.0
18.501,52994.8
18.51,53001.5
18.514,53007.8
18.521,53011.1
18.541,53017.9
18.546,53024.6
18.548,53031.7
18.566,53039.6
18.573,53048.0
18.581,53056.6
18.598,53065.4
18.606,53069.8
18.613,53078.7
18.626,53087.6
18.632,53104.8
18.633,53096.2
18.639,53113.4
18.658,53122.0
18.661,53130.8
18.665,53135.2
18.679,53144.2
18.684,53153.4
18.685,53163.0
18.698,53172.4
18.704,53181.4
18.71,53190.2
18.725,53199.0
18.729,53212.0
18.731,53207.6
18.742,53220.8
18.751,53229.5
18.757,53238.7
18.763,53248.1
18.78,53257.7
18.785,53267.5
18.786,53277.3
18.805,53282.2
18.811,53296.75
18.828,53311.9
18.837,53328.25
18.853,53344.8
18.862,53356.4
18.871,53368.4
18.881,53374.4
18.91,53386.3
18.918,53397.7
18.925,53409.3
18.942,53420.9
18.95,53432.5
18.952,53444.6
18.974,53456.9
18.985,53463.4
18.988,53476.0
19.001,53487.9
19.007,53500.3
19.014,53512.9
19.025,53525.6
19.053,53538.2
19.062,53550.6
19.07,53556.5
19.089,53568.2
19.095,53579.9
19.101,53591.6
19.116,53603.1
19.126,53614.8
19.127,53626.1
19.144,53637.2
19.155,53652.8
19.157,53647.8
19.168,53663.3
19.182,53673.5
19.187,53683.5
19.191,53693.1
19.205,53703.1
19.211,53718.75
19.233,53734.3
19.238,53744.6
19.245,53749.8
19.26,53760.0
19.268,53769.9
19.269,53779.4
19.289,53788.7
19.303,53797.9
19.309,53807.0
19.321,53816.1
19.327,53820.6
19.332,53834.05
19.352,53846.4
19.355,53861.7
19.356,53854.2
19.366,53869.0
19.373,53877.05
19.393,53885.1
19.408,53891.8
19.419,53898.4
19.43,53905.0
19.456,53911.6
19.464,53917.4
19.479,53923.0
19.492,53925.6
19.493,53933.9
19.496,53929.9
19.503,53938.6
19.509,53946.6
19.513,53943.3
19.519,53949.6
19.525,53953.5
19.528,53956.0
19.53,53952.2
19.539,53958.9
19.542,53961.7
19.547,53964.6
19.564,53967.5
19.569,53972.3
19.57,53969.9
19.59,53973.6
19.595,53978.7
19.597,53976.1
19.612,53981.4
19.623,53984.1
19.632,53986.3
19.651,53988.6
19.662,53991.0
19.672,53992.0
19.674,53994.1
19.696,53995.9
19.702,53999.6
19.703,53997.7
19.717,54001.2
19.724,54003.45
19.739,54005.5
19.746,54006.0
19.751,54007.2
19.756,54008.3
19.768,54009.3
19.771,54010.5
19.773,54011.6
19.79,54012.6
19.795,54013.7
19.799,54014.4
19.807,54015.5
19.811,54017.6
19.813,54016.6
19.823,54018.5
19.834,54019.3
19.837,54020.0
19.846,54020.9
19.858,54021.3
19.86,54022.1
19.864,54022.9
19.879,54023.8
19.884,54024.7
19.889,54025.3
19.9,54026.1
19.903,54027.5
19.906,54026.8
19.914,54027.9
19.92,54029.4
19.924,54028.7
19.928,54030.3
19.936,54031.9
19.938,54031.1
19.942,54032.7
19.958,54033.4
19.96,54034.4
19.961,54033.7
19.972,54035.2
19.977,54036.7
19.978,54035.9
19.998,54037.4
20.005,54038.8
20.007,54038.2
20.016,54039.1
20.023,54039.7
20.026,54040.3
20.028,54040.8
20.04,54042.9
20.041,54041.4
20.043,54042.1
20.053,54043.6
20.058,54044.3
20.061,54044.6
20.074,54045.4
20.075,54047.0
20.078,54046.1
20.086,54048.0
20.093,54048.9
20.098,54050.0
20.108,54051.1
20.117,54051.6
20.126,54052.6
20.128,54053.6
20.152,54054.7
20.159,54055.7
20.162,54056.8
20.181,54058.0
20.189,54059.75
20.204,54060.9
20.211,54062.85
20.228,54065.0
20.234,54066.5
20.242,54067.7
20.25,54069.6
20.274,54071.6
20.286,54072.6
20.289,54074.4
20.309,54076.3
20.317,54079.25
20.335,54082.0
20.341,54083.7
20.345,54085.5
20.351,54086.2
20.367,54087.8
20.368,54089.4
20.37,54095.2
20.371,54091.0
20.373,54092.5
20.374,54095.25
20.377,54098.1
20.381,54098.8
20.389,54100.1
20.392,54103.0
20.394,54101.5
20.405,54104.5
20.413,54106.1
20.416,54107.6
20.425,54109.1
20.432,54110.5
20.436,54111.9
20.44,54112.7
20.449,54114.1
20.456,54116.15
20.467,54118.1
20.471,54120.8
20.473,54119.5
20.481,54121.9
20.485,54122.6
20.49,54123.6
20.494,54124.9
20.506,54129.1
20.508,54126.3
20.51,54127.7
20.521,54130.4
20.522,54132.6
20.524,54131.1
20.53,54134.0
20.532,54136.4
20.535,54135.3
20.54,54137.6
20.547,54138.8
20.552,54139.9
20.564,54140.4
20.57,54141.3
20.574,54142.2
20.578,54143.1
20.591,54144.2
20.592,54146.1
20.594,54145.1
20.603,54147.1
20.607,54149.0
20.608,54147.7
20.62,54150.2
20.628,54151.4
20.633,54152.7
20.64,54154.1
20.655,54155.4
20.659,54156.9
20.666,54158.4
20.67,54160.5
20.674,54163.1
20.676,54163.1
20.677,54168.3
20.678,54164.3
20.68,54167.95
20.683,54167.7
20.687,54172.0
20.688,54170.649999999994
20.69,54177.1
20.691,54174.3
20.692,54172.9
20.695,54175.5
20.698,54178.2
20.702,54180.7
20.705,54179.5
20.714,54182.0
20.719,54183.0
20.722,54183.8
20.726,54184.3
20.737,54187.1
20.739,54185.3
20.741,54186.3
20.75,54188.7
20.752,54188.7
20.755,54190.4
20.758,54191.6
20.761,54190.8
20.768,54192.1
20.772,54192.9
20.777,54193.6
20.789,54194.4
20.794,54195.1
20.798,54195.8
20.8,54196.5
20.813,54197.600000000006
20.817,54197.7
20.824,54199.0
20.827,54200.1
20.83,54199.6
20.838,54200.4
20.845,54201.1
20.847,54201.4
20.855,54202.1
20.88,54202.9
20.887,54203.6
20.899,54204.4
20.91,54205.5
20.919,54207.149999999994
20.936,54210.1
20.938,54208.0
20.941,54209.1
20.943,54212.25
20.947,54213.25
20.959,54215.4
20.962,54216.5
20.965,54217.2
20.982,54218.5
20.984,54220.9
20.986,54219.8
21.002,54222.1
21.007,54224.0
21.008,54223.1
21.021,54225.0
21.027,54225.5
21.033,54226.6
21.051,54227.9
21.062,54229.5
21.067,54231.0
21.083,54232.8
21.112,54234.5
21.121,54236.2
21.123,54237.2
21.141,54239.0
21.147,54242.4
21.148,54240.8
21.151,54246.4
21.158,54245.1
21.159,54245.8
21.162,54249.0
21.164,54249.7
21.17,54251.2
21.186,54254.4
21.188,54252.8
21.195,54256.0
21.21,54257.6
21.217,54259.1
21.218,54260.7
21.237,54261.5
21.245,54263.0
21.246,54264.5
21.262,54266.0
21.274,54267.6
21.28,54269.0
21.287,54270.6
21.301,54272.0
21.304,54273.4
21.31,54274.0
21.33,54275.8
21.337,54279.05
21.358,54282.2
21.362,54284.2
21.364,54286.2
21.369,54288.2
21.372,54291.4
21.375,54290.4
21.379,54293.6
21.399,54295.7
21.405,54297.8
21.406,54300.0
21.428,54302.2
21.431,54306.4
21.433,54304.3
21.45,54309.55
21.454,54309.8
21.459,54313.4
21.464,54316.0
21.465,54314.8
21.471,54317.3
21.474,54318.9
21.475,54320.1
21.478,54318.5
21.487,54322.86666666667
21.488,54322.5
21.489,54323.6
21.493,54325.0
21.496,54327.1
21.503,54328.7
21.507,54330.5
21.517,54332.3
21.522,54334.0
21.526,54335.5
21.529,54337.0
21.542,54338.7
21.546,54340.4
21.565,54343.3
21.573,54345.3
21.576,54347.4
21.594,54349.6
21.604,54351.9
21.613,54354.2
21.628,54356.4
21.636,54357.5
21.64,54359.6
21.646,54361.6
21.661,54364.9
21.665,54365.0
21.671,54367.8
21.676,54369.5
21.682,54370.5
21.696,54372.5
21.702,54374.6
21.707,54376.5
21.719,54378.4
21.727,54380.2
21.734,54382.0
21.749,54383.9
21.756,54384.8
21.763,54386.7
21.766,54388.6
21.787,54390.5
21.794,54392.4
21.796,54394.2
21.81,54396.2
21.815,54400.3
21.816,54398.1
21.831,54401.6
21.839,54403.8
21.845,54405.8
21.858,54408.1
21.864,54410.6
21.869,54413.3
21.873,54416.0
21.884,54421.9
21.886,54418.3
21.888,54419.6
21.895,54426.2
21.898,54426.2
21.905,54430.3
21.911,54432.3
21.919,54434.7
21.928,54436.0
21.952,54438.5
21.959,54440.7
21.962,54442.9
21.986,54445.0
21.992,54447.0
21.999,54448.8
22.012,54450.8
22.02,54452.8
22.026,54453.6
22.039,54455.3
22.044,54459.1
22.045,54457.2
22.057,54460.9
22.063,54462.7
22.068,54464.7
22.081,54466.6
22.089,54467.5
22.094,54471.2
22.095,54469.4
22.109,54472.9
22.117,54474.5
22.124,54476.2
22.135,54477.8
22.138,54480.8
22.141,54479.4
22.148,54481.5
22.152,54482.7
22.154,54483.9
22.162,54485.1
22.167,54486.4
22.171,54489.3
22.172,54487.7
22.187,54490.8
22.194,54491.6
22.195,54493.4
22.213,54495.1
22.22,54496.7
22.226,54498.2
22.235,54499.9
22.24,54501.5
22.245,54503.1
22.249,54504.0
22.267,54505.8
22.272,54507.7
22.278,54509.7
22.296,54511.7
22.3,54513.9
22.307,54515.7
22.322,54517.6
22.33,54519.3
22.331,54520.1
22.348,54521.8
22.356,54523.5
22.36,54525.1
22.364,54526.6
22.378,54528.2
22.384,54531.7
22.386,54529.9
22.411,54532.7
22.423,54534.6
22.429,54536.5
22.45,54538.3
22.459,54541.1
22.479,54543.9
22.49,54546.9
22.491,54545.8
22.508,54548.9
22.52,54551.0
22.526,54553.2
22.539,54555.2
22.552,54557.3
22.557,54560.2
22.574,54563.1
22.58,54565.0
22.587,54566.0
22.599,54568.1
22.602,54572.2
22.606,54570.2
22.616,54574.4
22.624,54576.3
22.629,54578.2
22.639,54580.0
22.645,54580.9
22.648,54584.6
22.65,54582.7
22.668,54586.6
22.675,54590.9
22.676,54588.8
22.689,54593.0
22.694,54596.1
22.696,54595.1
22.71,54598.1
22.721,54600.0
22.727,54602.0
22.732,54604.0
22.747,54605.9
22.748,54607.7
22.75,54609.5
22.758,54610.4
22.762,54612.1
22.766,54614.0
22.778,54616.1
22.787,54618.3
22.793,54620.6
22.806,54622.9
22.812,54626.3
22.814,54625.2
22.819,54628.0
22.837,54629.9
22.843,54632.0
22.848,54634.2
22.862,54636.5
22.869,54641.1
22.87,54638.7
22.885,54643.5
22.891,54646.8
22.893,54644.6
22.904,54648.9
22.907,54653.2
22.911,54651.2
22.917,54655.2
22.918,54659.3
22.922,54657.2
22.923,54660.4
22.938,54662.5
22.94,54664.4
22.941,54666.1
22.947,54668.0
22.961,54670.0
22.974,54672.4
23.003,54674.8
23.012,54675.9
23.019,54678.2
23.028,54680.2
23.035,54682.3
23.041,54684.3
23.047,54686.2
23.057,54690.1
23.061,54689.0
23.062,54687.7
23.064,54690.8
23.069,54692.8
23.085,54695.1
23.09,54697.5
23.092,54696.3
23.102,54698.8
23.108,54700.7
23.109,54700.0
23.116,54702.1
23.136,54703.5
23.139,54705.7
23.14,54704.8
23.153,54707.2
23.155,54706.4
23.156,54707.5
23.159,54707.05
23.161,54707.4
23.162,54707.7
23.166,54708.1
23.168,54708.8
23.176,54708.9
23.195,54709.0
23.199,54709.0
23.204,54709.1
23.218,54709.3
23.222,54709.9
23.224,54709.4
23.243,54710.4
23.253,54711.25
23.267,54711.8
23.268,54712.1
23.269,54711.9
23.27,54712.5
23.275,54713.9
23.277,54712.9
23.279,54713.3
23.288,54714.8
23.295,54715.8
23.297,54715.7
23.31,54716.2
23.312,54716.7
23.315,54716.4
23.322,54717.2
23.329,54717.8
23.333,54718.6
23.338,54719.2
23.353,54721.3
23.354,54719.9
23.356,54720.4
23.373,54722.4
23.379,54723.9
23.386,54725.3
23.408,54726.7
23.418,54728.0
23.419,54729.6
23.439,54730.3
23.449,54732.5
23.469,54734.9
23.478,54737.05
23.486,54739.1
23.504,54740.5
23.508,54742.0
23.512,54742.8
23.522,54744.4
23.523,54747.7
23.526,54746.1
23.536,54749.6
23.546,54752.8
23.548,54751.3
23.56,54753.9
23.569,54754.6
23.573,54756.1
23.578,54757.5
23.593,54760.100000000006
23.596,54760.1
23.603,54762.5
23.609,54764.1
23.61,54763.4
23.63,54765.1
23.634,54767.2
23.636,54765.7
23.65,54768.6
23.657,54769.8
23.664,54771.1
23.669,54772.3
23.681,54773.5
23.685,54774.4
23.69,54774.9
23.699,54776.0
23.701,54778.0
23.703,54777.0
23.714,54779.1
23.721,54780.5
23.738,54781.7
23.745,54782.1
23.752,54782.9
23.765,54783.7
23.774,54784.3
23.777,54785.1
23.778,54784.7
23.793,54785.6
23.796,54785.8
23.8,54785.8
23.808,54786.2
23.809,54786.8
23.813,54786.5
23.817,54786.9
23.822,54787.0
23.823,54787.1
23.824,54787.5
23.825,54787.25
23.826,54787.46666666667
23.827,54787.15
23.828,54787.2
23.829,54787.05
23.83,54787.2
23.831,54787.6
23.832,54786.8
23.833,54787.5
23.834,54787.15
23.836,54786.8
23.837,54786.9
23.844,54786.6
23.845,54785.75
23.849,54786.5
23.85,54785.8
23.851,54785.1
23.853,54785.4
23.856,54780.9
23.859,54782.0
23.86,54783.06666666667
23.861,54784.4
23.862,54784.0
23.865,54783.5
23.869,54780.4
23.87,54779.4
23.874,54779.9
23.885,54778.9
23.891,54778.3
23.895,54777.7
23.906,54777.3
23.912,54777.0
23.915,54776.0
23.917,54776.5
23.937,54775.6
23.942,54775.1
23.947,54774.8
23.957,54774.5
23.958,54773.9
23.961,54774.1
23.968,54773.5
23.973,54773.2
23.977,54772.9
23.986,54772.6
23.988,54771.9
23.989,54772.3
23.991,54772.1
24.002,54771.7
24.005,54771.7
24.01,54771.6
24.015,54771.8
24.016,54771.6
24.03,54772.1
24.035,54772.5
24.036,54772.3
24.042,54772.5
24.058,54772.5
24.059,54772.6
24.062,54772.6
24.07,54772.6
24.072,54772.4
24.075,54772.6
24.079,54772.6
24.088,54772.8
24.089,54772.9
24.102,54773.4
24.105,54773.35
24.109,54773.2
24.126,54773.8
24.135,54774.2
24.153,54774.7
24.162,54775.0
24.171,54775.5
24.179,54776.1
24.196,54776.6
24.199,54777.5
24.201,54777.1
24.211,54777.9
24.217,54778.2
24.222,54778.3
24.23,54778.8
24.232,54779.6
24.234,54779.2
24.24,54780.0
24.262,54780.6
24.271,54781.0
24.279,54781.4
24.3,54781.5
24.302,54782.2
24.305,54781.8
24.322,54782.6
24.328,54783.0
24.332,54783.3
24.345,54783.7
24.354,54784.3
24.357,54784.5
24.364,54784.8
24.383,54785.2
24.384,54785.7
24.389,54786.1
24.405,54786.4
24.406,54787.1
24.409,54786.8
24.419,54787.5
24.421,54787.8
24.424,54787.6
24.436,54788.2
24.446,54788.5
24.449,54788.7
24.454,54789.0
24.471,54789.3
24.475,54789.8
24.482,54790.1
24.485,54790.7
24.489,54790.8
24.49,54790.4
24.501,54791.0
24.503,54791.7
24.505,54791.4
24.519,54792.1
24.526,54792.4
24.527,54792.3
24.535,54792.6
24.553,54792.8
24.558,54793.0
24.564,54793.0
24.581,54793.2
24.585,54793.3
24.588,54793.4
24.604,54793.6
24.607,54793.6
24.622,54793.9
24.631,54794.2
24.646,54794.3
24.66,54794.3
24.663,54794.3
24.668,54794.3
24.688,54794.3
24.692,54794.4
24.698,54794.5
24.718,54794.4
24.725,54794.6
24.741,54794.7
24.745,54794.6
24.748,54794.6
24.758,54794.7
24.767,54794.6
24.77,54794.7
24.775,54794.6
24.795,54794.6
24.799,54794.7
24.804,54794.6
24.815,54794.6
24.82,54794.7
24.822,54794.6
24.836,54794.6
24.841,54794.5
24.844,54794.6
24.857,54794.5
24.865,54794.5
24.866,54794.4
24.875,54794.3
24.896,54794.3
24.9,54794.3
24.905,54794.3
24.914,54794.3
24.915,54794.3
24.918,54794.4
24.925,54794.3
24.927,54794.3
24.932,54794.3
24.938,54794.3
24.942,54794.2
24.948,54794.1
24.96,54794.0
24.961,54794.0
24.963,54793.9
24.988,54793.8
24.994,54793.649999999994
25.016,54793.6
25.027,54793.7
25.046,54793.5
25.056,54793.5
25.063,54793.6
25.071,54793.4
25.091,54793.4
25.096,54793.4
25.103,54793.5
25.123,54793.4
25.127,54793.5
25.132,54793.4
25.142,54793.4
25.144,54793.4
25.147,54793.5
25.155,54793.5
25.161,54793.4
25.164,54793.3
25.175,54793.4
25.183,54793.4
25.189,54793.4
25.196,54793.4
25.213,54793.4
25.215,54793.4
25.219,54793.3
25.229,54793.1
25.236,54793.1
25.256,54793.1
25.264,54793.1
25.278,54793.0
25.282,54792.8
25.284,54792.75
25.287,54792.4
25.288,54792.9
25.29,54792.3
25.292,54792.9
25.295,54792.9
25.299,54792.1
25.3,54792.9
25.307,54791.8
25.323,54791.7
25.329,54791.7
25.334,54791.6
25.35,54791.6
25.358,54791.5
25.363,54791.4
25.364,54791.5
25.376,54791.4
25.381,54791.4
25.382,54791.5
25.394,54791.3
25.396,54791.2
25.399,54791.1
25.408,54791.2
25.418,54791.2
25.421,54791.1
25.43,54791.1
25.437,54791.0
25.441,54791.0
25.452,54791.0
25.462,54790.9
25.467,54791.0
25.472,54790.9
25.48,54791.0
25.483,54790.8
25.486,54790.8
25.499,54790.8
25.508,54790.7
25.509,54790.8
25.527,54790.5
25.539,54790.3
25.544,54790.2
25.545,54790.3
25.557,54790.0
25.559,54790.2
25.562,54790.2
25.578,54790.2
25.582,54790.3
25.59,54790.1
25.598,54790.1
25.602,54790.0
25.614,54790.1
25.62,54790.0
25.624,54789.8
25.628,54789.8
25.64,54789.8
25.643,54789.7
25.646,54789.6
25.65,54789.8
25.655,54789.8
25.658,54789.8
25.662,54789.8
25.664,54789.8
25.666,54789.8
25.671,54789.9
25.676,54789.9
25.677,54790.0
25.68,54790.0
25.681,54790.0
25.689,54789.6
25.69,54789.7
25.693,54789.6
25.703,54789.6
25.707,54789.5
25.709,54789.5
25.723,54789.5
25.733,54789.6
25.739,54789.5
25.745,54789.5
25.762,54788.9
25.763,54789.2
25.766,54789.1
25.78,54788.8
25.783,54788.7
25.792,54788.7
25.797,54788.6
25.799,54788.6
25.81,54788.5
25.816,54788.4
25.817,54788.4
25.826,54788.4
25.842,54788.3
25.847,54788.5
25.848,54788.3
25.861,54788.1
25.864,54787.8
25.867,54788.0
25.883,54787.8
25.884,54787.6
25.887,54787.7
25.898,54787.7
25.901,54787.4
25.903,54787.5
25.905,54787.2
25.906,54786.9
25.907,54786.5
25.91,54786.3
25.911,54786.7
25.912,54787.0
25.913,54787.0
25.914,54786.333333333336
25.915,54787.0
25.918,54785.95
25.919,54785.6
25.92,54785.26666666666
25.923,54784.75
25.925,54784.9
25.928,54784.6
25.93,54784.3
25.932,54783.8
25.933,54782.9
25.934,54783.649999999994
25.935,54784.2
25.937,54782.8
25.938,54782.95
25.94,54783.26666666666
25.941,54783.05
25.942,54783.85
25.945,54782.2
25.947,54781.7
25.948,54782.0
25.949,54781.5
25.951,54781.3
25.952,54782.4
25.953,54781.8
25.954,54780.850000000006
25.956,54781.18000000001
25.959,54780.15
25.96,54780.0
25.961,54780.0
25.962,54780.25
25.963,54781.1
25.964,54780.36666666667
25.965,54780.6
25.966,54780.2
25.967,54779.55
25.97,54779.85
25.971,54779.3
25.979,54779.0
25.984,54778.7
25.986,54778.9
25.99,54778.5
26.001,54778.4
26.005,54778.3
26.007,54778.2
26.025,54778.1
26.026,54778.0
26.029,54778.0
26.044,54777.9
26.052,54778.05
26.066,54778.2
26.069,54778.2
26.072,54778.3
26.082,54778.1
26.085,54778.2
26.09,54778.1
26.091,54778.1
26.108,54778.1
26.11,54778.2
26.115,54778.2
26.126,54778.3
26.129,54778.2
26.132,54778.1
26.143,54778.3
26.148,54778.3
26.149,54778.3
26.165,54778.3
26.174,54778.3
26.179,54778.3
26.184,54778.3
26.2,54778.5
26.202,54778.6
26.206,54778.7
26.22,54778.6
26.224,54778.7
26.233,54778.8
26.239,54779.0
26.24,54779.0
26.255,54779.2
26.263,54779.1
26.27,54779.1
26.277,54779.1
26.296,54779.1
26.298,54778.9
26.302,54779.0
26.317,54779.1
26.32,54779.3
26.322,54779.3
26.33,54779.4
26.331,54779.4
26.335,54779.4
26.344,54779.4
26.352,54779.5
26.358,54779.5
26.372,54779.5
26.376,54779.6
26.38,54779.5
26.385,54779.5
26.426,54779.5
26.437,54779.4
26.443,54779.4
26.453,54779.3
26.46,54779.1
26.467,54778.8
26.481,54778.8
26.49,54778.5
26.509,54778.2
26.518,54778.0
26.528,54777.9
26.542,54777.7
26.548,54777.5
26.552,54777.2
26.556,54777.2
26.567,54776.9
26.568,54776.5
26.571,54776.7
26.584,54776.3
26.592,54776.1
26.598,54776.1
26.61,54775.9
26.616,54775.8
26.621,54775.6
26.625,54775.3
26.638,54775.0
26.644,54774.9
26.657,54774.8
26.664,54774.6
26.668,54774.1
26.67,54774.3
26.681,54774.0
26.685,54773.7
26.688,54773.8
26.7,54773.6
26.707,54773.3
26.709,54773.2
26.725,54773.1
26.731,54772.9
26.735,54772.9
26.737,54772.6
26.741,54772.65
26.743,54772.45
26.745,54772.1
26.746,54772.0
26.748,54772.6
26.749,54772.7
26.756,54771.7
26.76,54771.7
26.762,54771.3
26.763,54771.5
26.777,54771.2
26.781,54771.1
26.782,54771.1
26.797,54771.2
26.799,54771.1
26.804,54771.1
26.805,54771.1
26.806,54771.1
26.815,54770.9
26.821,54770.8
26.827,54770.8
26.834,54770.6
26.854,54770.6
26.859,54770.6
26.86,54770.5
26.883,54770.4
26.892,54770.3
26.894,54770.3
26.91,54770.3
26.919,54770.2
26.923,54770.2
26.928,54770.3
26.946,54770.4
26.949,54770.4
26.959,54770.4
26.965,54770.3
26.967,54770.3
26.97,54770.2
26.987,54770.2
26.99,54770.0
26.993,54770.1
27.004,54769.9
27.011,54769.6
27.014,54769.7
27.027,54769.5
27.035,54769.3
27.036,54769.4
27.053,54769.2
27.067,54769.1
27.074,54769.0
27.08,54768.8
27.093,54768.7
27.1,54768.7
27.107,54768.4
27.125,54768.4
27.129,54768.4
27.141,54768.2
27.153,54768.2
27.16,54768.1
27.176,54768.1
27.186,54768.0
27.188,54768.0
27.191,54768.0
27.207,54767.75
27.21,54767.8
27.22,54767.5
27.228,54767.2
27.229,54767.3
27.252,54767.2
27.259,54767.0
27.261,54767.1
27.266,54767.0
27.287,54766.9
27.291,54766.7
27.293,54766.6
27.313,54766.5
27.316,54766.5
27.319,54766.5
27.334,54766.5
27.341,54766.3
27.343,54766.4
27.355,54766.1
27.36,54765.9
27.363,54766.0
27.368,54765.8
27.391,54765.6
27.396,54765.6
27.399,54765.6
27.416,54765.3
27.417,54765.5
27.42,54765.4
27.429,54765.2
27.432,54765.1
27.435,54765.2
27.444,54765.0
27.451,54765.0
27.455,54765.1
27.463,54765.0
27.469,54764.9
27.473,54764.8
27.479,54764.7
27.498,54764.5
27.501,54764.4
27.51,54764.3
27.515,54764.1
27.517,54764.2
27.53,54764.0
27.531,54763.9
27.535,54764.0
27.542,54763.8
27.547,54763.7
27.55,54763.7
27.554,54763.5
27.571,54763.3
27.577,54763.1
27.584,54763.0
27.601,54763.0
27.603,54762.8
27.605,54762.9
27.618,54762.6
27.624,54762.5
27.626,54762.5
27.639,54762.3
27.647,54762.2
27.651,54762.1
27.658,54762.2
27.68,54762.1
27.682,54761.9
27.685,54762.0
27.706,54761.9
27.711,54761.7
27.715,54761.6
27.727,54761.6
27.732,54761.4
27.733,54761.5
27.746,54761.3
27.75,54761.0
27.752,54761.1
27.768,54760.9
27.776,54760.8
27.78,54760.5
27.784,54760.6
27.799,54760.5
27.802,54760.4
27.804,54760.5
27.817,54760.3
27.824,54760.2
27.831,54760.0
27.846,54759.8
27.853,54759.5
27.854,54759.6
27.859,54759.4
27.877,54759.5
27.881,54759.4
27.885,54759.2
27.899,54759.1
27.9,54759.1
27.903,54759.1
27.922,54759.0
27.924,54758.9
27.927,54759.0
27.936,54758.8
27.941,54758.7
27.946,54758.6
27.956,54758.6
27.961,54758.5
27.962,54758.4
27.969,54758.5
27.99,54758.4
27.996,54758.4
28.0,54758.4
28.011,54758.3
28.013,54758.3
28.015,54758.4
28.023,54758.1
28.031,54758.1
28.032,54758.2
28.047,54758.1
28.055,54758.1
28.057,54758.1
28.064,54758.0
28.078,54757.9
28.084,54757.8
28.09,54757.8
28.101,54757.8
28.107,54757.6
28.112,54757.6
28.124,54757.5
28.133,54757.3
28.136,54757.3
28.147,54757.3
28.149,54757.2
28.153,54757.2
28.163,54757.2
28.175,54757.2
28.18,54757.2
28.186,54757.2
28.2,54757.2
28.207,54756.9
28.214,54756.9
28.232,54757.0
28.242,54756.9
28.247,54757.0
28.268,54756.9
28.273,54757.0
28.276,54756.9
28.28,54756.9
28.296,54756.95
28.3,54756.8
28.304,54756.8
28.306,54756.7
28.308,54756.6
28.309,54756.5
28.313,54756.5
28.322,54756.3
28.327,54756.2
28.33,54756.2
28.334,54756.1
28.349,54756.1
28.351,54756.0
28.355,54755.9
28.374,54755.9
28.378,54755.9
28.385,54755.8
28.391,54755.9
28.392,54755.8
28.395,54755.8
28.407,54755.8
28.412,54755.6
28.415,54755.7
28.432,54755.7
28.442,54755.6
28.443,54755.5
28.45,54755.6
28.471,54755.5
28.475,54755.5
28.481,54755.6
28.491,54755.6
28.492,54755.6
28.497,54755.6
28.512,54755.5
28.516,54755.5
28.524,54755.3
28.531,54755.3
28.537,54755.2
28.547,54755.2
28.555,54755.1
28.556,54755.1
28.56,54755.1
28.573,54755.3
28.574,54755.3
28.578,54755.3
28.586,54755.2
28.588,54754.9
28.592,54755.1
28.603,54754.6
28.61,54754.6
28.615,54754.6
28.62,54754.5
28.638,54754.25
28.641,54754.1
28.656,54754.0
28.659,54754.1
28.663,54754.2
28.672,54754.149999999994
28.677,54754.2
28.684,54754.2
28.688,54754.1
28.69,54754.3
28.704,54754.2
28.714,54754.2
28.722,54754.2
28.723,54754.1
28.742,54754.0
28.743,54754.0
28.746,54754.0
28.761,54753.9
28.764,54754.0
28.767,54754.1
28.778,54754.0
28.781,54754.1
28.783,54754.0
28.795,54754.1
28.801,54754.3
28.804,54754.2
28.811,54754.0
28.822,54754.0
28.826,54754.1
28.827,54754.0
28.833,54754.1
28.835,54754.2
28.839,54754.1
28.856,54754.1
28.86,54754.1
28.865,54754.1
28.878,54754.1
28.883,54754.0
28.889,54754.1
28.903,54754.0
28.906,54754.0
28.909,54754.1
28.925,54754.1
28.927,54754.2
28.93,54754.2
28.937,54754.6
28.939,54754.3
28.943,54754.5
28.951,54754.7
28.958,54754.7
28.964,54754.9
28.976,54755.0
28.98,54755.0
28.982,54755.1
28.984,54755.0
29.002,54755.149999999994
29.007,54755.2
29.014,54755.2
29.016,54755.2
29.02,54755.2
29.024,54755.3
29.028,54755.3
29.029,54755.4
29.036,54755.4
29.039,54755.5
29.041,54755.5
29.043,54755.5
29.058,54755.4
29.062,54755.5
29.066,54755.4
29.081,54755.4
29.084,54755.4
29.087,54755.5
29.102,54755.4
29.107,54755.5
29.111,54755.4
29.114,54755.4
29.12,54755.6
29.123,54755.4
29.126,54755.4
29.137,54755.3
29.141,54755.4
29.142,54755.3
29.147,54755.2
29.148,54755.2
29.152,54755.1
29.159,54755.1
29.165,54755.1
29.168,54755.1
29.178,54754.9
29.19,54754.8
29.192,54754.8
29.201,54754.7
29.208,54754.7
29.211,54754.6
29.214,54754.5
29.219,54754.6
29.221,54754.7
29.224,54754.7
29.235,54754.6
29.24,54754.8
29.245,54754.7
29.252,54754.8
29.257,54754.7
29.26,54754.8
29.267,54754.9
29.271,54754.8
29.273,54754.9
29.276,54754.9
29.289,54754.9
29.29,54754.9
29.292,54755.0
29.298,54754.9
29.299,54755.1
29.302,54755.1
29.312,54755.0
29.32,54755.0
29.328,54754.9
29.341,54754.9
29.349,54754.9
29.352,54755.0
29.355,54754.9
29.374,54755.1
29.375,54755.1
29.38,54755.1
29.385,54755.2
29.391,54755.2
29.393,54755.1
29.403,54755.1
29.41,54755.2
29.414,54755.3
29.419,54755.4
29.437,54755.6
29.44,54755.7
29.443,54755.8
29.457,54755.9
29.458,54755.8
29.462,54755.9
29.464,54756.0
29.466,54756.1
29.47,54756.1
29.477,54756.25
29.482,54756.4
29.491,54756.5
29.494,54756.4
29.497,54756.5
29.512,54756.5
29.514,54756.5
29.524,54756.6
29.525,54756.7
29.527,54756.9
29.53,54756.7
29.533,54756.9
29.539,54756.8
29.545,54756.9
29.549,54756.9
29.554,54756.9
29.57,54757.1
29.571,54757.0
29.574,54757.0
29.588,54756.9
29.59,54757.0
29.594,54757.1
29.596,54757.1
29.597,54757.0
29.602,54757.1
29.605,54757.3
29.61,54757.5
29.612,54757.6
29.617,54757.6
29.619,54757.7
29.622,54757.7
29.625,54757.9
29.631,54757.9
29.638,54757.8
29.639,54757.7
29.64,54757.9
29.644,54758.1
29.645,54758.0
29.656,54758.0
29.657,54758.0
29.663,54758.1
29.681,54758.2
29.685,54758.2
29.697,54758.3
29.698,54758.5
29.699,54758.5
29.701,54758.5
29.704,54758.6
29.706,54758.8
29.708,54758.8
29.721,54758.8
29.724,54758.7
29.729,54758.7
29.736,54758.8
29.742,54758.9
29.748,54758.9
29.754,54758.9
29.77,54759.0
29.772,54759.0
29.775,54759.0
29.789,54759.0
29.791,54758.8
29.794,54759.0
29.805,54758.7
29.813,54758.8
29.818,54758.8
29.828,54758.8
29.83,54758.9
29.835,54758.9
29.838,54758.9
29.858,54758.9
29.864,54759.1
29.869,54759.1
29.878,54759.3
29.883,54759.3
29.894,54759.5
29.898,54759.6
29.9,54759.7
29.908,54759.8
29.912,54759.8
29.916,54759.8
29.917,54759.8
29.936,54759.9
29.94,54759.8
29.944,54759.8
29.952,54759.7
29.953,54759.8
29.958,54759.8
29.963,54759.8
29.967,54759.9
29.971,54759.9
29.982,54760.0
29.991,54759.9
29.995,54759.8
30.001,54760.0
30.012,54759.9
30.017,54759.9
30.022,54759.8
30.036,54759.9
30.042,54759.8
30.048,54759.8
30.063,54759.9
30.064,54760.2
30.069,54760.0
30.076,54760.2
30.081,54760.4
30.084,54760.3
30.089,54760.5
30.111,54760.6
30.116,54760.5
30.117,54760.6
30.119,54760.850000000006
30.123,54760.8
30.135,54761.0
30.137,54761.2
30.141,54761.2
30.15,54761.2
30.157,54761.2
30.161,54761.2
30.167,54760.9
30.169,54761.1
30.171,54760.9
30.177,54761.1
30.187,54760.9
30.192,54760.9
30.193,54760.8
30.203,54760.8
30.209,54760.55
30.233,54760.4
30.246,54760.3
30.252,54760.4
30.272,54760.4
30.276,54760.5
30.278,54760.4
30.282,54760.5
30.3,54760.6
30.302,54760.6
30.306,54760.7
30.31,54760.6
30.312,54760.6
30.316,54760.7
30.326,54760.4
30.334,54760.4
30.349,54760.4
30.355,54760.3
30.362,54760.2
30.367,54760.2
30.386,54760.2
30.389,54760.3
30.391,54760.4
30.4,54760.4
30.402,54760.5
30.405,54760.5
30.415,54760.6
30.42,54760.8
30.423,54760.8
30.433,54760.9
30.439,54760.7
30.444,54760.7
30.449,54760.6
30.466,54760.6
30.469,54760.5
30.471,54760.3
30.484,54760.3
30.485,54760.0
30.489,54760.1
30.499,54760.1
30.501,54760.3
30.506,54760.2
30.515,54760.3
30.522,54760.4
30.527,54760.5
30.538,54760.8
30.545,54760.8
30.547,54760.9
30.549,54761.2
30.552,54761.3
30.554,54761.3
30.557,54761.4
30.56,54761.4
30.564,54761.4
30.565,54761.6
30.566,54761.6
30.568,54761.6
30.574,54761.6
30.579,54761.8
30.581,54762.0
30.584,54761.9
30.602,54762.0
30.604,54762.1
30.607,54762.3
30.615,54762.45
30.621,54762.6
30.627,54762.7
30.632,54762.8
30.636,54762.9
30.642,54763.1
30.646,54763.2
30.649,54763.3
30.653,54763.5
30.662,54763.350000000006
30.666,54763.3
30.676,54763.4
30.679,54763.6
30.682,54763.5
30.694,54763.7
30.697,54763.6
30.701,54763.5
30.705,54763.7
30.724,54763.8
30.726,54764.1
30.734,54764.1
30.735,54764.4
30.738,54764.3
30.74,54764.3
30.742,54764.7
30.749,54764.6
30.75,54764.6
30.753,54764.7
30.755,54764.8
30.759,54764.9
30.77,54764.9
30.777,54764.7
30.782,54764.7
30.786,54764.6
30.79,54765.0
30.792,54764.9
30.796,54764.9
30.798,54764.825000000004
30.799,54764.5
30.803,54764.8
30.805,54764.7
30.806,54765.3
30.81,54765.2
30.816,54765.3
30.832,54765.3
30.833,54765.4
30.834,54765.5
30.841,54765.3
30.847,54765.3
30.848,54765.3
30.852,54765.4
30.853,54765.6
30.857,54765.5
30.863,54765.5
30.867,54765.4
30.871,54765.5
30.877,54765.4
30.887,54765.4
30.888,54765.5
30.889,54765.4
30.899,54765.6
30.901,54765.2
30.905,54765.4
30.915,54765.2
30.917,54765.1
30.919,54765.2
30.922,54765.350000000006
30.925,54765.25
30.928,54765.35
30.929,54765.3
30.93,54765.3
30.931,54765.45
30.932,54765.4
30.939,54765.5
30.943,54765.5
30.946,54765.4
30.947,54765.6
30.955,54765.8
30.96,54765.8
30.966,54765.7
30.984,54765.8
30.986,54765.8
30.988,54765.8
31.01,54765.8
31.017,54765.8
31.018,54765.8
31.036,54765.6
31.044,54765.5
31.046,54765.6
31.062,54765.5
31.066,54765.5
31.069,54765.5
31.075,54765.6
31.096,54765.7
31.104,54765.649999999994
31.12,54765.9
31.129,54765.9
31.154,54765.9
31.156,54766.1
31.159,54766.0
31.168,54766.2
31.174,54766.2
31.183,54766.1
31.207,54766.2
31.211,54766.3
31.215,54766.3
31.231,54766.8
31.233,54766.6
31.236,54766.7
31.242,54767.0
31.247,54767.2
31.249,54767.2
31.264,54767.2
31.272,54767.2
31.282,54767.2
31.304,54767.2
31.309,54767.1
31.313,54767.2
31.33,54767.1
31.333,54767.1
31.335,54767.1
31.344,54767.2
31.345,54767.2
31.349,54767.2
31.354,54767.3
31.356,54767.3
31.36,54767.3
31.364,54767.4
31.382,54767.4
31.388,54767.4
31.393,54767.6
31.412,54767.5
31.419,54767.6
31.426,54767.6
31.446,54768.1
31.449,54767.7
31.453,54768.0
31.457,54768.1
31.462,54768.0
31.463,54768.1
31.481,54768.1
31.491,54768.2
31.492,54768.2
31.501,54768.3
31.526,54768.4
31.53,54768.3
31.535,54768.3
31.546,54768.4
31.551,54768.5
31.553,54768.6
31.565,54768.5
31.567,54768.8
31.572,54768.7
31.582,54768.9
31.59,54769.1
31.596,54769.3
31.602,54769.4
31.622,54769.5
31.624,54769.5
31.627,54769.6
31.632,54769.8
31.634,54769.9
31.638,54769.7
31.639,54770.1
31.64,54769.7
31.642,54770.3
31.644,54770.1
31.649,54770.8
31.653,54770.9
31.657,54770.8
31.665,54770.9
31.67,54771.4
31.673,54771.1
31.677,54771.1
31.679,54771.6
31.68,54771.8
31.684,54771.8
31.692,54771.9
31.7,54771.9
31.706,54771.9
31.711,54771.9
31.727,54772.0
31.731,54771.9
31.732,54772.0
31.755,54772.3
31.761,54772.4
31.767,54772.5
31.777,54772.6
31.78,54773.1
31.783,54772.9
31.79,54773.4
31.8,54773.6
31.807,54773.8
31.823,54774.0
31.832,54774.2
31.836,54774.2
31.84,54774.5
31.858,54775.0
31.859,54774.8
31.863,54774.8
31.87,54775.3
31.875,54775.8
31.878,54775.6
31.892,54776.0
31.895,54776.3
31.897,54776.1
31.916,54776.3
31.926,54776.5
31.934,54776.6
31.942,54776.8
31.966,54777.1
31.969,54777.3
31.977,54777.4
31.997,54777.7
32.001,54778.2
32.003,54778.0
32.011,54778.5
32.013,54778.85
32.017,54779.1
32.026,54779.2
32.035,54779.5
32.041,54779.8
32.053,54780.1
32.055,54780.6
32.07,54780.8
32.073,54781.0
32.078,54781.0
32.083,54781.3
32.087,54781.6
32.089,54782.1
32.098,54782.4
32.102,54782.7
32.106,54783.0
32.109,54783.2
32.111,54783.8
32.112,54783.4
32.114,54783.7
32.127,54784.3
32.128,54784.0
32.131,54784.2
32.143,54784.5
32.146,54784.8
32.149,54784.7
32.161,54785.0
32.168,54785.3
32.172,54785.4
32.182,54785.5
32.188,54785.8
32.191,54786.0
32.2,54786.4
32.203,54787.0
32.204,54786.7
32.206,54786.7
32.218,54787.3
32.223,54788.0
32.226,54787.6
32.24,54788.4
32.246,54789.2
32.248,54788.8
32.264,54789.5
32.275,54789.9
32.278,54790.2
32.282,54790.6
32.302,54791.3
32.307,54791.4
32.324,54792.1
32.327,54792.6
32.331,54792.9
32.34,54793.4
32.346,54794.0
32.35,54794.4
32.361,54795.7
32.367,54795.7
32.374,54797.0
32.38,54797.95
32.385,54798.0
32.394,54799.4
32.401,54800.2
32.413,54800.8
32.42,54801.95
32.426,54802.2
32.433,54803.1
32.44,54803.9
32.442,54804.8
32.458,54805.5
32.465,54806.3
32.467,54808.0
32.471,54807.1
32.491,54809.0
32.496,54809.4
32.502,54810.3
32.513,54811.2
32.518,54813.0
32.52,54812.1
32.536,54813.9
32.544,54814.9
32.55,54815.8
32.556,54816.2
32.57,54818.7
32.574,54816.9
32.575,54817.8
32.588,54819.6
32.593,54820.5
32.596,54821.3
32.609,54822.3
32.615,54823.5
32.617,54822.6
32.631,54824.6
32.639,54825.6
32.645,54826.5
32.65,54827.5
32.657,54828.4
32.66,54829.2
32.669,54830.0
32.675,54830.4
32.676,54832.2
32.68,54831.4
32.69,54833.0
32.694,54834.9
32.697,54834.0
32.708,54835.7
32.713,54836.5
32.717,54836.9
32.734,54837.8
32.753,54838.6
32.759,54839.2
32.775,54840.0
32.789,54840.9
32.791,54842.5
32.793,54841.7
32.817,54843.6
32.83,54844.1
32.835,54845.3
32.864,54846.6
32.875,54847.9
32.886,54849.1
32.906,54850.2
32.919,54851.2
32.927,54852.3
32.937,54853.0
32.972,54854.4
32.983,54856.8
32.984,54855.7
33.01,54858.0
33.018,54859.3
33.02,54860.5
33.037,54861.8
33.045,54864.3
33.047,54863.0
33.077,54865.0
33.09,54866.3
33.099,54867.8
33.107,54869.1
33.127,54870.4
33.13,54871.7
33.134,54873.1
33.154,54874.3
33.156,54875.1
33.158,54876.5
33.181,54877.8
33.192,54878.9
33.195,54880.2
33.219,54881.5
33.24,54883.7
33.254,54885.1
33.282,54886.4
33.288,54887.8
33.293,54889.0
33.31,54890.5
33.312,54893.1
33.316,54892.0
33.326,54894.5
33.331,54896.5
33.334,54895.3
33.346,54897.9
33.352,54900.6
33.354,54899.2
33.364,54902.1
33.386,54903.4
33.395,54904.7
33.404,54905.3
33.428,54906.4
33.431,54908.6
33.433,54907.4
33.459,54909.7
33.465,54912.0
33.467,54910.8
33.48,54912.9
33.486,54914.7
33.488,54913.5
33.507,54915.9
33.525,54916.7
33.531,54917.6
33.539,54918.7
33.564,54919.8
33.568,54920.9
33.573,54922.0
33.593,54922.5
33.597,54924.7
33.6,54923.6
33.616,54925.9
33.623,54927.1
33.627,54928.4
33.643,54929.6
33.65,54931.6
33.652,54931.0
33.659,54933.1
33.681,54934.3
33.689,54935.9
33.698,54937.3
33.715,54938.8
33.72,54941.9
33.723,54940.3
33.74,54942.7
33.752,54945.8
33.756,54944.2
33.772,54947.5
33.781,54950.6
33.783,54949.1
33.79,54952.2
33.814,54953.8
33.818,54955.3
33.822,54956.0
33.834,54957.7
33.838,54961.2
33.841,54959.4
33.858,54963.0
33.866,54965.0
33.872,54966.9
33.89,54968.8
33.9,54970.649999999994
33.909,54973.4
33.933,54975.4
33.938,54977.3
33.944,54979.3
33.967,54981.3
33.973,54983.2
33.98,54985.2
34.003,54986.3
34.008,54990.9
34.01,54988.6
34.03,54993.4
34.039,54995.7
34.046,54998.1
34.059,55000.4
34.072,55003.9
34.075,55002.6
34.078,55006.3
34.099,55008.7
34.102,55011.1
34.108,55013.5
34.122,55016.1
34.126,55020.8
34.129,55018.3
34.143,55022.1
34.147,55026.5
34.151,55024.3
34.163,55028.7
34.174,55031.0
34.182,55033.3
34.188,55035.3
34.206,55037.3
34.209,55039.2
34.212,55040.2
34.214,55045.7
34.218,55042.1
34.22,55048.3
34.221,55043.9
34.224,55058.3
34.225,55062.174999999996
34.226,55062.8
34.228,55057.3
34.229,55063.0
34.23,55079.325000000004
34.231,55081.17857142857
34.232,55076.043750000004
34.233,55079.24444444445
34.234,55074.04800000001
34.235,55079.13333333333
34.236,55080.31666666666
34.237,55079.975000000006
34.238,55081.07209302327
34.239,55082.883783783785
34.24,55082.69347826086
34.241,55080.92857142857
34.242,55081.578947368405
34.243,55083.509756097556
34.244,55084.576666666675
34.245,55079.71538461538
34.246,55084.0
34.247,55080.493749999994
34.248,55078.26363636365
34.249,55081.924999999996
34.25,55091.80000000001
34.251,55090.9
34.252,55082.166666666664
